dataset,seed,t,target,slots,stage,reason
mushroom,3001,127,16,,fit,Rank discovery exceeds its private leaf/depth budget
mushroom,3001,127,32,1,allocate,Invalid fixed-map capacity allocation
mushroom,3001,127,32,2,allocate,Final CRT slots need roots in the chosen field
mushroom,3001,127,32,4,allocate,Final CRT slots need roots in the chosen field
mushroom,3001,127,32,8,allocate,Final CRT slots need roots in the chosen field
mushroom,3001,127,32,16,allocate,Final CRT slots need roots in the chosen field
mushroom,3001,127,32,32,allocate,Final CRT slots need roots in the chosen field
mushroom,3001,127,32,64,allocate,Final CRT slots need roots in the chosen field
mushroom,3001,127,64,1,allocate,Invalid fixed-map capacity allocation
mushroom,3001,127,64,2,allocate,Final CRT slots need roots in the chosen field
mushroom,3001,127,64,4,allocate,Final CRT slots need roots in the chosen field
mushroom,3001,127,64,8,allocate,Final CRT slots need roots in the chosen field
mushroom,3001,127,64,16,allocate,Final CRT slots need roots in the chosen field
mushroom,3001,127,64,32,allocate,Final CRT slots need roots in the chosen field
mushroom,3001,127,64,64,allocate,Final CRT slots need roots in the chosen field
mushroom,3001,193,16,,fit,Rank discovery exceeds its private leaf/depth budget
mushroom,3001,193,32,1,allocate,Invalid fixed-map capacity allocation
mushroom,3001,193,32,2,allocate,Invalid fixed-map capacity allocation
mushroom,3001,193,32,4,allocate,Invalid fixed-map capacity allocation
mushroom,3001,193,32,8,allocate,Invalid fixed-map capacity allocation
mushroom,3001,193,32,16,allocate,Invalid fixed-map capacity allocation
mushroom,3001,193,32,64,allocate,Final CRT slots need roots in the chosen field
mushroom,3001,193,64,1,allocate,Invalid fixed-map capacity allocation
mushroom,3001,193,64,2,allocate,Invalid fixed-map capacity allocation
mushroom,3001,193,64,4,allocate,Invalid fixed-map capacity allocation
mushroom,3001,193,64,64,allocate,Final CRT slots need roots in the chosen field
mushroom,3001,257,16,,fit,Rank discovery exceeds its private leaf/depth budget
mushroom,3001,257,32,1,allocate,Invalid fixed-map capacity allocation
mushroom,3001,257,32,2,allocate,Invalid fixed-map capacity allocation
mushroom,3001,257,32,4,allocate,Invalid fixed-map capacity allocation
mushroom,3001,257,32,8,allocate,Invalid fixed-map capacity allocation
mushroom,3001,257,32,16,allocate,Invalid fixed-map capacity allocation
mushroom,3001,257,64,1,allocate,Invalid fixed-map capacity allocation
mushroom,3001,257,64,2,allocate,Invalid fixed-map capacity allocation
mushroom,3001,257,64,4,allocate,Invalid fixed-map capacity allocation
mushroom,3001,1153,16,,fit,Rank discovery exceeds its private leaf/depth budget
mushroom,3001,1153,32,1,allocate,Invalid fixed-map capacity allocation
mushroom,3001,1153,32,2,allocate,Invalid fixed-map capacity allocation
mushroom,3001,1153,32,4,allocate,Invalid fixed-map capacity allocation
mushroom,3001,1153,32,8,allocate,Invalid fixed-map capacity allocation
mushroom,3001,1153,32,16,allocate,Invalid fixed-map capacity allocation
mushroom,3001,1153,64,1,allocate,Invalid fixed-map capacity allocation
mushroom,3001,1153,64,2,allocate,Invalid fixed-map capacity allocation
mushroom,3001,1153,64,4,allocate,Invalid fixed-map capacity allocation
mushroom,3002,127,16,,fit,Rank discovery exceeds its private leaf/depth budget
mushroom,3002,127,32,1,allocate,Invalid fixed-map capacity allocation
mushroom,3002,127,32,2,allocate,Final CRT slots need roots in the chosen field
mushroom,3002,127,32,4,allocate,Final CRT slots need roots in the chosen field
mushroom,3002,127,32,8,allocate,Final CRT slots need roots in the chosen field
mushroom,3002,127,32,16,allocate,Final CRT slots need roots in the chosen field
mushroom,3002,127,32,32,allocate,Final CRT slots need roots in the chosen field
mushroom,3002,127,32,64,allocate,Final CRT slots need roots in the chosen field
mushroom,3002,127,64,1,allocate,Invalid fixed-map capacity allocation
mushroom,3002,127,64,2,allocate,Final CRT slots need roots in the chosen field
mushroom,3002,127,64,4,allocate,Final CRT slots need roots in the chosen field
mushroom,3002,127,64,8,allocate,Final CRT slots need roots in the chosen field
mushroom,3002,127,64,16,allocate,Final CRT slots need roots in the chosen field
mushroom,3002,127,64,32,allocate,Final CRT slots need roots in the chosen field
mushroom,3002,127,64,64,allocate,Final CRT slots need roots in the chosen field
mushroom,3002,193,16,,fit,Rank discovery exceeds its private leaf/depth budget
mushroom,3002,193,32,1,allocate,Invalid fixed-map capacity allocation
mushroom,3002,193,32,2,allocate,Invalid fixed-map capacity allocation
mushroom,3002,193,32,4,allocate,Invalid fixed-map capacity allocation
mushroom,3002,193,32,8,allocate,Invalid fixed-map capacity allocation
mushroom,3002,193,32,16,allocate,Invalid fixed-map capacity allocation
mushroom,3002,193,32,64,allocate,Final CRT slots need roots in the chosen field
mushroom,3002,193,64,1,allocate,Invalid fixed-map capacity allocation
mushroom,3002,193,64,2,allocate,Invalid fixed-map capacity allocation
mushroom,3002,193,64,4,allocate,Invalid fixed-map capacity allocation
mushroom,3002,193,64,8,allocate,Invalid fixed-map capacity allocation
mushroom,3002,193,64,64,allocate,Final CRT slots need roots in the chosen field
mushroom,3002,257,16,,fit,Rank discovery exceeds its private leaf/depth budget
mushroom,3002,257,32,1,allocate,Invalid fixed-map capacity allocation
mushroom,3002,257,32,2,allocate,Invalid fixed-map capacity allocation
mushroom,3002,257,32,4,allocate,Invalid fixed-map capacity allocation
mushroom,3002,257,32,8,allocate,Invalid fixed-map capacity allocation
mushroom,3002,257,32,16,allocate,Invalid fixed-map capacity allocation
mushroom,3002,257,64,1,allocate,Invalid fixed-map capacity allocation
mushroom,3002,257,64,2,allocate,Invalid fixed-map capacity allocation
mushroom,3002,257,64,4,allocate,Invalid fixed-map capacity allocation
mushroom,3002,257,64,8,allocate,Invalid fixed-map capacity allocation
mushroom,3002,1153,16,,fit,Rank discovery exceeds its private leaf/depth budget
mushroom,3002,1153,32,1,allocate,Invalid fixed-map capacity allocation
mushroom,3002,1153,32,2,allocate,Invalid fixed-map capacity allocation
mushroom,3002,1153,32,4,allocate,Invalid fixed-map capacity allocation
mushroom,3002,1153,32,8,allocate,Invalid fixed-map capacity allocation
mushroom,3002,1153,32,16,allocate,Invalid fixed-map capacity allocation
mushroom,3002,1153,64,1,allocate,Invalid fixed-map capacity allocation
mushroom,3002,1153,64,2,allocate,Invalid fixed-map capacity allocation
mushroom,3002,1153,64,4,allocate,Invalid fixed-map capacity allocation
mushroom,3002,1153,64,8,allocate,Invalid fixed-map capacity allocation
semeion,3001,251,16,,fit,Require an odd small prime covering exact distances
semeion,3001,251,32,,fit,Require an odd small prime covering exact distances
semeion,3001,251,64,,fit,Require an odd small prime covering exact distances
semeion,3001,251,,,global,Require an odd small prime covering exact distances
semeion,3001,257,16,,fit,Rank discovery exceeds its private leaf/depth budget
semeion,3001,257,32,1,allocate,Invalid fixed-map capacity allocation
semeion,3001,257,32,2,allocate,Invalid fixed-map capacity allocation
semeion,3001,257,32,4,allocate,Invalid fixed-map capacity allocation
semeion,3001,257,32,8,allocate,Invalid fixed-map capacity allocation
semeion,3001,257,32,16,allocate,Invalid fixed-map capacity allocation
semeion,3001,257,32,32,allocate,Invalid fixed-map capacity allocation
semeion,3001,257,64,1,allocate,Invalid fixed-map capacity allocation
semeion,3001,257,64,2,allocate,Invalid fixed-map capacity allocation
semeion,3001,257,64,4,allocate,Invalid fixed-map capacity allocation
semeion,3001,257,64,8,allocate,Invalid fixed-map capacity allocation
semeion,3001,257,64,16,allocate,Invalid fixed-map capacity allocation
semeion,3001,769,16,,fit,Rank discovery exceeds its private leaf/depth budget
semeion,3001,769,32,1,allocate,Invalid fixed-map capacity allocation
semeion,3001,769,32,2,allocate,Invalid fixed-map capacity allocation
semeion,3001,769,32,4,allocate,Invalid fixed-map capacity allocation
semeion,3001,769,32,8,allocate,Invalid fixed-map capacity allocation
semeion,3001,769,32,16,allocate,Invalid fixed-map capacity allocation
semeion,3001,769,32,32,allocate,Invalid fixed-map capacity allocation
semeion,3001,769,64,1,allocate,Invalid fixed-map capacity allocation
semeion,3001,769,64,2,allocate,Invalid fixed-map capacity allocation
semeion,3001,769,64,4,allocate,Invalid fixed-map capacity allocation
semeion,3001,769,64,8,allocate,Invalid fixed-map capacity allocation
semeion,3001,769,64,16,allocate,Invalid fixed-map capacity allocation
semeion,3001,1153,16,,fit,Rank discovery exceeds its private leaf/depth budget
semeion,3001,1153,32,1,allocate,Invalid fixed-map capacity allocation
semeion,3001,1153,32,2,allocate,Invalid fixed-map capacity allocation
semeion,3001,1153,32,4,allocate,Invalid fixed-map capacity allocation
semeion,3001,1153,32,8,allocate,Invalid fixed-map capacity allocation
semeion,3001,1153,32,16,allocate,Invalid fixed-map capacity allocation
semeion,3001,1153,32,32,allocate,Invalid fixed-map capacity allocation
semeion,3001,1153,64,1,allocate,Invalid fixed-map capacity allocation
semeion,3001,1153,64,2,allocate,Invalid fixed-map capacity allocation
semeion,3001,1153,64,4,allocate,Invalid fixed-map capacity allocation
semeion,3001,1153,64,8,allocate,Invalid fixed-map capacity allocation
semeion,3001,1153,64,16,allocate,Invalid fixed-map capacity allocation
semeion,3002,251,16,,fit,Require an odd small prime covering exact distances
semeion,3002,251,32,,fit,Require an odd small prime covering exact distances
semeion,3002,251,64,,fit,Require an odd small prime covering exact distances
semeion,3002,251,,,global,Require an odd small prime covering exact distances
semeion,3002,257,16,,fit,Rank discovery exceeds its private leaf/depth budget
semeion,3002,257,32,1,allocate,Invalid fixed-map capacity allocation
semeion,3002,257,32,2,allocate,Invalid fixed-map capacity allocation
semeion,3002,257,32,4,allocate,Invalid fixed-map capacity allocation
semeion,3002,257,32,8,allocate,Invalid fixed-map capacity allocation
semeion,3002,257,32,16,allocate,Invalid fixed-map capacity allocation
semeion,3002,257,32,32,allocate,Invalid fixed-map capacity allocation
semeion,3002,257,64,1,allocate,Invalid fixed-map capacity allocation
semeion,3002,257,64,2,allocate,Invalid fixed-map capacity allocation
semeion,3002,257,64,4,allocate,Invalid fixed-map capacity allocation
semeion,3002,257,64,8,allocate,Invalid fixed-map capacity allocation
semeion,3002,257,64,16,allocate,Invalid fixed-map capacity allocation
semeion,3002,769,16,,fit,Rank discovery exceeds its private leaf/depth budget
semeion,3002,769,32,1,allocate,Invalid fixed-map capacity allocation
semeion,3002,769,32,2,allocate,Invalid fixed-map capacity allocation
semeion,3002,769,32,4,allocate,Invalid fixed-map capacity allocation
semeion,3002,769,32,8,allocate,Invalid fixed-map capacity allocation
semeion,3002,769,32,16,allocate,Invalid fixed-map capacity allocation
semeion,3002,769,32,32,allocate,Invalid fixed-map capacity allocation
semeion,3002,769,64,1,allocate,Invalid fixed-map capacity allocation
semeion,3002,769,64,2,allocate,Invalid fixed-map capacity allocation
semeion,3002,769,64,4,allocate,Invalid fixed-map capacity allocation
semeion,3002,769,64,8,allocate,Invalid fixed-map capacity allocation
semeion,3002,769,64,16,allocate,Invalid fixed-map capacity allocation
semeion,3002,1153,16,,fit,Rank discovery exceeds its private leaf/depth budget
semeion,3002,1153,32,1,allocate,Invalid fixed-map capacity allocation
semeion,3002,1153,32,2,allocate,Invalid fixed-map capacity allocation
semeion,3002,1153,32,4,allocate,Invalid fixed-map capacity allocation
semeion,3002,1153,32,8,allocate,Invalid fixed-map capacity allocation
semeion,3002,1153,32,16,allocate,Invalid fixed-map capacity allocation
semeion,3002,1153,32,32,allocate,Invalid fixed-map capacity allocation
semeion,3002,1153,64,1,allocate,Invalid fixed-map capacity allocation
semeion,3002,1153,64,2,allocate,Invalid fixed-map capacity allocation
semeion,3002,1153,64,4,allocate,Invalid fixed-map capacity allocation
semeion,3002,1153,64,8,allocate,Invalid fixed-map capacity allocation
semeion,3002,1153,64,16,allocate,Invalid fixed-map capacity allocation
