dataset,seed,candidate,profile_model,t,n,target,F,h,W,slots,replies,groups,discovery_depth,private_map_body_bytes,phase_bound_model,minimum_analytic_q_bits_model,implemented_api_minimum_q_bits,q,rounds,online_query_body_bytes,online_response_body_bytes,expanded_index_body_bytes,offline_seeded_answer_body_bytes_per_token,native_ntt_index_word_bytes,checker_epoch_residue_body_bytes,checker_epoch_seeded_body_bytes,scope
mushroom,3001,global_t127,deterministic,127,16384,128,85,85,85,1,1,1,0,565,14621880,25,32,4294475777,5,85,131072,11141120,65568,22282240,657060,1860,Field/geometry models only; fixed_cbd requires its separate fixed-before-enrollment contract.
mushroom,3001,global_t127,fixed_cbd,127,16384,128,85,85,85,1,1,1,0,565,3847156,23,32,4294475777,5,85,131072,11141120,65568,22282240,657060,1860,Field/geometry models only; fixed_cbd requires its separate fixed-before-enrollment contract.
mushroom,3001,local_t193_rank32_slots32,deterministic,193,16384,32,32,523,1024,32,1,20,6,8027,407867445,30,32,4294475777,5,523,131072,4194304,65568,8388608,675840,20640,Field/geometry models only; fixed_cbd requires its separate fixed-before-enrollment contract.
mushroom,3001,local_t193_rank32_slots32,fixed_cbd,193,16384,32,32,523,1024,32,1,20,6,8027,37646922,27,32,4294475777,5,523,131072,4194304,65568,8388608,675840,20640,Field/geometry models only; fixed_cbd requires its separate fixed-before-enrollment contract.
mushroom,3001,local_t193_rank64_slots8,deterministic,193,16384,64,58,324,464,8,1,8,3,3646,184817205,29,32,4294475777,5,324,131072,7602176,65568,15204352,664640,9440,Field/geometry models only; fixed_cbd requires its separate fixed-before-enrollment contract.
mushroom,3001,local_t193_rank64_slots8,fixed_cbd,193,16384,64,58,324,464,8,1,8,3,3646,23265518,26,32,4294475777,5,324,131072,7602176,65568,15204352,664640,9440,Field/geometry models only; fixed_cbd requires its separate fixed-before-enrollment contract.
mushroom,3001,local_t193_rank64_slots16,deterministic,193,16384,64,58,324,464,8,1,8,3,3646,184817205,29,32,4294475777,5,324,131072,7602176,65568,15204352,664640,9440,Field/geometry models only; fixed_cbd requires its separate fixed-before-enrollment contract.
mushroom,3001,local_t193_rank64_slots16,fixed_cbd,193,16384,64,58,324,464,8,1,8,3,3646,23265518,26,32,4294475777,5,324,131072,7602176,65568,15204352,664640,9440,Field/geometry models only; fixed_cbd requires its separate fixed-before-enrollment contract.
mushroom,3001,local_t193_rank64_slots32,deterministic,193,16384,64,58,324,464,8,1,8,3,3646,184817205,29,32,4294475777,5,324,131072,7602176,65568,15204352,664640,9440,Field/geometry models only; fixed_cbd requires its separate fixed-before-enrollment contract.
mushroom,3001,local_t193_rank64_slots32,fixed_cbd,193,16384,64,58,324,464,8,1,8,3,3646,23265518,26,32,4294475777,5,324,131072,7602176,65568,15204352,664640,9440,Field/geometry models only; fixed_cbd requires its separate fixed-before-enrollment contract.
mushroom,3001,global_t193,deterministic,193,16384,128,85,85,85,1,1,1,0,565,33859989,27,32,4294475777,5,85,131072,11141120,65568,22282240,657060,1860,Field/geometry models only; fixed_cbd requires its separate fixed-before-enrollment contract.
mushroom,3001,global_t193,fixed_cbd,193,16384,128,85,85,85,1,1,1,0,565,8910963,25,32,4294475777,5,85,131072,11141120,65568,22282240,657060,1860,Field/geometry models only; fixed_cbd requires its separate fixed-before-enrollment contract.
mushroom,3001,local_t257_rank32_slots32,deterministic,257,16384,32,32,523,1024,32,1,20,6,9542,724178325,31,32,4294475777,5,1046,131072,4194304,65568,8388608,675840,20640,Field/geometry models only; fixed_cbd requires its separate fixed-before-enrollment contract.
mushroom,3001,local_t257_rank32_slots32,fixed_cbd,257,16384,32,32,523,1024,32,1,20,6,9542,66862856,27,32,4294475777,5,1046,131072,4194304,65568,8388608,675840,20640,Field/geometry models only; fixed_cbd requires its separate fixed-before-enrollment contract.
mushroom,3001,local_t257_rank32_slots64,deterministic,257,16384,32,32,523,2048,64,1,20,6,9542,1448351125,32,32,4294475777,5,1046,131072,4194304,65568,8388608,696320,41120,Field/geometry models only; fixed_cbd requires its separate fixed-before-enrollment contract.
mushroom,3001,local_t257_rank32_slots64,fixed_cbd,257,16384,32,32,523,2048,64,1,20,6,9542,104386169,28,32,4294475777,5,1046,131072,4194304,65568,8388608,696320,41120,Field/geometry models only; fixed_cbd requires its separate fixed-before-enrollment contract.
mushroom,3001,local_t257_rank64_slots8,deterministic,257,16384,64,58,324,464,8,1,8,3,4527,328146325,30,32,4294475777,5,648,131072,7602176,65568,15204352,664640,9440,Field/geometry models only; fixed_cbd requires its separate fixed-before-enrollment contract.
mushroom,3001,local_t257_rank64_slots8,fixed_cbd,257,16384,64,58,324,464,8,1,8,3,4527,41317147,27,32,4294475777,5,648,131072,7602176,65568,15204352,664640,9440,Field/geometry models only; fixed_cbd requires its separate fixed-before-enrollment contract.
mushroom,3001,local_t257_rank64_slots16,deterministic,257,16384,64,58,324,464,8,1,8,3,4527,328146325,30,32,4294475777,5,648,131072,7602176,65568,15204352,664640,9440,Field/geometry models only; fixed_cbd requires its separate fixed-before-enrollment contract.
mushroom,3001,local_t257_rank64_slots16,fixed_cbd,257,16384,64,58,324,464,8,1,8,3,4527,41317147,27,32,4294475777,5,648,131072,7602176,65568,15204352,664640,9440,Field/geometry models only; fixed_cbd requires its separate fixed-before-enrollment contract.
mushroom,3001,local_t257_rank64_slots32,deterministic,257,16384,64,58,324,464,8,1,8,3,4527,328146325,30,32,4294475777,5,648,131072,7602176,65568,15204352,664640,9440,Field/geometry models only; fixed_cbd requires its separate fixed-before-enrollment contract.
mushroom,3001,local_t257_rank64_slots32,fixed_cbd,257,16384,64,58,324,464,8,1,8,3,4527,41317147,27,32,4294475777,5,648,131072,7602176,65568,15204352,664640,9440,Field/geometry models only; fixed_cbd requires its separate fixed-before-enrollment contract.
mushroom,3001,local_t257_rank64_slots64,deterministic,257,16384,64,58,324,464,8,1,8,3,4527,328146325,30,32,4294475777,5,648,131072,7602176,65568,15204352,664640,9440,Field/geometry models only; fixed_cbd requires its separate fixed-before-enrollment contract.
mushroom,3001,local_t257_rank64_slots64,fixed_cbd,257,16384,64,58,324,464,8,1,8,3,4527,41317147,27,32,4294475777,5,648,131072,7602176,65568,15204352,664640,9440,Field/geometry models only; fixed_cbd requires its separate fixed-before-enrollment contract.
mushroom,3001,global_t257,deterministic,257,16384,128,85,85,85,1,1,1,0,752,60117525,27,32,4294475777,5,170,131072,11141120,65568,22282240,657060,1860,Field/geometry models only; fixed_cbd requires its separate fixed-before-enrollment contract.
mushroom,3001,global_t257,fixed_cbd,257,16384,128,85,85,85,1,1,1,0,752,15822948,25,32,4294475777,5,170,131072,11141120,65568,22282240,657060,1860,Field/geometry models only; fixed_cbd requires its separate fixed-before-enrollment contract.
mushroom,3001,local_t1153_rank32_slots32,deterministic,1153,16384,32,32,523,1024,32,1,20,6,9542,14621171925,35,35,34359410689,4,1046,163840,5242880,71712,8388608,675840,20608,Field/geometry models only; fixed_cbd requires its separate fixed-before-enrollment contract.
mushroom,3001,local_t1153_rank32_slots32,fixed_cbd,1153,16384,32,32,523,1024,32,1,20,6,9542,1350901334,32,32,4294475777,5,1046,131072,4194304,65568,8388608,675840,20640,Field/geometry models only; fixed_cbd requires its separate fixed-before-enrollment contract.
mushroom,3001,local_t1153_rank32_slots64,deterministic,1153,16384,32,32,523,2048,64,1,20,6,9542,29242319061,36,36,68718428161,4,1046,163840,5242880,73760,8388608,696320,41088,Field/geometry models only; fixed_cbd requires its separate fixed-before-enrollment contract.
mushroom,3001,local_t1153_rank32_slots64,fixed_cbd,1153,16384,32,32,523,2048,64,1,20,6,9542,2109477026,32,32,4294475777,5,1046,131072,4194304,65568,8388608,696320,41120,Field/geometry models only; fixed_cbd requires its separate fixed-before-enrollment contract.
mushroom,3001,local_t1153_rank64_slots8,deterministic,1153,16384,64,58,324,464,8,1,8,3,4527,6625232085,34,34,17179672577,5,648,163840,9502720,69664,15204352,830800,11760,Field/geometry models only; fixed_cbd requires its separate fixed-before-enrollment contract.
mushroom,3001,local_t1153_rank64_slots8,fixed_cbd,1153,16384,64,58,324,464,8,1,8,3,4527,834603984,31,32,4294475777,5,648,131072,7602176,65568,15204352,664640,9440,Field/geometry models only; fixed_cbd requires its separate fixed-before-enrollment contract.
mushroom,3001,local_t1153_rank64_slots16,deterministic,1153,16384,64,58,324,464,8,1,8,3,4527,6625232085,34,34,17179672577,5,648,163840,9502720,69664,15204352,830800,11760,Field/geometry models only; fixed_cbd requires its separate fixed-before-enrollment contract.
mushroom,3001,local_t1153_rank64_slots16,fixed_cbd,1153,16384,64,58,324,464,8,1,8,3,4527,834603984,31,32,4294475777,5,648,131072,7602176,65568,15204352,664640,9440,Field/geometry models only; fixed_cbd requires its separate fixed-before-enrollment contract.
mushroom,3001,local_t1153_rank64_slots32,deterministic,1153,16384,64,58,324,464,8,1,8,3,4527,6625232085,34,34,17179672577,5,648,163840,9502720,69664,15204352,830800,11760,Field/geometry models only; fixed_cbd requires its separate fixed-before-enrollment contract.
mushroom,3001,local_t1153_rank64_slots32,fixed_cbd,1153,16384,64,58,324,464,8,1,8,3,4527,834603984,31,32,4294475777,5,648,131072,7602176,65568,15204352,664640,9440,Field/geometry models only; fixed_cbd requires its separate fixed-before-enrollment contract.
mushroom,3001,local_t1153_rank64_slots64,deterministic,1153,16384,64,58,324,464,8,1,8,3,4527,6625232085,34,34,17179672577,5,648,163840,9502720,69664,15204352,830800,11760,Field/geometry models only; fixed_cbd requires its separate fixed-before-enrollment contract.
mushroom,3001,local_t1153_rank64_slots64,fixed_cbd,1153,16384,64,58,324,464,8,1,8,3,4527,834603984,31,32,4294475777,5,648,131072,7602176,65568,15204352,664640,9440,Field/geometry models only; fixed_cbd requires its separate fixed-before-enrollment contract.
mushroom,3001,global_t1153,deterministic,1153,16384,128,85,85,85,1,1,1,0,752,1213694229,32,32,4294475777,5,170,131072,11141120,65568,22282240,657060,1860,Field/geometry models only; fixed_cbd requires its separate fixed-before-enrollment contract.
mushroom,3001,global_t1153,fixed_cbd,1153,16384,128,85,85,85,1,1,1,0,752,319528236,30,32,4294475777,5,170,131072,11141120,65568,22282240,657060,1860,Field/geometry models only; fixed_cbd requires its separate fixed-before-enrollment contract.
mushroom,3002,global_t127,deterministic,127,16384,128,85,85,85,1,1,1,0,565,14621880,25,32,4294475777,5,85,131072,11141120,65568,22282240,657060,1860,Field/geometry models only; fixed_cbd requires its separate fixed-before-enrollment contract.
mushroom,3002,global_t127,fixed_cbd,127,16384,128,85,85,85,1,1,1,0,565,3847156,23,32,4294475777,5,85,131072,11141120,65568,22282240,657060,1860,Field/geometry models only; fixed_cbd requires its separate fixed-before-enrollment contract.
mushroom,3002,local_t193_rank32_slots32,deterministic,193,16384,32,32,596,1024,32,1,24,6,9600,407867445,30,32,4294475777,5,596,131072,4194304,65568,8388608,675840,20640,Field/geometry models only; fixed_cbd requires its separate fixed-before-enrollment contract.
mushroom,3002,local_t193_rank32_slots32,fixed_cbd,193,16384,32,32,596,1024,32,1,24,6,9600,37646922,27,32,4294475777,5,596,131072,4194304,65568,8388608,675840,20640,Field/geometry models only; fixed_cbd requires its separate fixed-before-enrollment contract.
mushroom,3002,local_t193_rank64_slots16,deterministic,193,16384,64,58,392,928,16,1,9,4,4310,369630261,30,32,4294475777,5,392,131072,7602176,65568,15204352,673920,18720,Field/geometry models only; fixed_cbd requires its separate fixed-before-enrollment contract.
mushroom,3002,local_t193_rank64_slots16,fixed_cbd,193,16384,64,58,392,928,16,1,9,4,4310,35407324,27,32,4294475777,5,392,131072,7602176,65568,15204352,673920,18720,Field/geometry models only; fixed_cbd requires its separate fixed-before-enrollment contract.
mushroom,3002,local_t193_rank64_slots32,deterministic,193,16384,64,58,392,928,16,1,9,4,4310,369630261,30,32,4294475777,5,392,131072,7602176,65568,15204352,673920,18720,Field/geometry models only; fixed_cbd requires its separate fixed-before-enrollment contract.
mushroom,3002,local_t193_rank64_slots32,fixed_cbd,193,16384,64,58,392,928,16,1,9,4,4310,35407324,27,32,4294475777,5,392,131072,7602176,65568,15204352,673920,18720,Field/geometry models only; fixed_cbd requires its separate fixed-before-enrollment contract.
mushroom,3002,global_t193,deterministic,193,16384,128,85,85,85,1,1,1,0,565,33859989,27,32,4294475777,5,85,131072,11141120,65568,22282240,657060,1860,Field/geometry models only; fixed_cbd requires its separate fixed-before-enrollment contract.
mushroom,3002,global_t193,fixed_cbd,193,16384,128,85,85,85,1,1,1,0,565,8910963,25,32,4294475777,5,85,131072,11141120,65568,22282240,657060,1860,Field/geometry models only; fixed_cbd requires its separate fixed-before-enrollment contract.
mushroom,3002,local_t257_rank32_slots32,deterministic,257,16384,32,32,596,1024,32,1,24,6,11386,724178325,31,32,4294475777,5,1192,131072,4194304,65568,8388608,675840,20640,Field/geometry models only; fixed_cbd requires its separate fixed-before-enrollment contract.
mushroom,3002,local_t257_rank32_slots32,fixed_cbd,257,16384,32,32,596,1024,32,1,24,6,11386,66862856,27,32,4294475777,5,1192,131072,4194304,65568,8388608,675840,20640,Field/geometry models only; fixed_cbd requires its separate fixed-before-enrollment contract.
mushroom,3002,local_t257_rank32_slots64,deterministic,257,16384,32,32,596,2048,64,1,24,6,11386,1448351125,32,32,4294475777,5,1192,131072,4194304,65568,8388608,696320,41120,Field/geometry models only; fixed_cbd requires its separate fixed-before-enrollment contract.
mushroom,3002,local_t257_rank32_slots64,fixed_cbd,257,16384,32,32,596,2048,64,1,24,6,11386,104386169,28,32,4294475777,5,1192,131072,4194304,65568,8388608,696320,41120,Field/geometry models only; fixed_cbd requires its separate fixed-before-enrollment contract.
mushroom,3002,local_t257_rank64_slots16,deterministic,257,16384,64,58,392,928,16,1,9,4,5419,656287125,31,32,4294475777,5,784,131072,7602176,65568,15204352,673920,18720,Field/geometry models only; fixed_cbd requires its separate fixed-before-enrollment contract.
mushroom,3002,local_t257_rank64_slots16,fixed_cbd,257,16384,64,58,392,928,16,1,9,4,5419,62884467,27,32,4294475777,5,784,131072,7602176,65568,15204352,673920,18720,Field/geometry models only; fixed_cbd requires its separate fixed-before-enrollment contract.
mushroom,3002,local_t257_rank64_slots32,deterministic,257,16384,64,58,392,928,16,1,9,4,5419,656287125,31,32,4294475777,5,784,131072,7602176,65568,15204352,673920,18720,Field/geometry models only; fixed_cbd requires its separate fixed-before-enrollment contract.
mushroom,3002,local_t257_rank64_slots32,fixed_cbd,257,16384,64,58,392,928,16,1,9,4,5419,62884467,27,32,4294475777,5,784,131072,7602176,65568,15204352,673920,18720,Field/geometry models only; fixed_cbd requires its separate fixed-before-enrollment contract.
mushroom,3002,local_t257_rank64_slots64,deterministic,257,16384,64,58,392,928,16,1,9,4,5419,656287125,31,32,4294475777,5,784,131072,7602176,65568,15204352,673920,18720,Field/geometry models only; fixed_cbd requires its separate fixed-before-enrollment contract.
mushroom,3002,local_t257_rank64_slots64,fixed_cbd,257,16384,64,58,392,928,16,1,9,4,5419,62884467,27,32,4294475777,5,784,131072,7602176,65568,15204352,673920,18720,Field/geometry models only; fixed_cbd requires its separate fixed-before-enrollment contract.
mushroom,3002,global_t257,deterministic,257,16384,128,85,85,85,1,1,1,0,752,60117525,27,32,4294475777,5,170,131072,11141120,65568,22282240,657060,1860,Field/geometry models only; fixed_cbd requires its separate fixed-before-enrollment contract.
mushroom,3002,global_t257,fixed_cbd,257,16384,128,85,85,85,1,1,1,0,752,15822948,25,32,4294475777,5,170,131072,11141120,65568,22282240,657060,1860,Field/geometry models only; fixed_cbd requires its separate fixed-before-enrollment contract.
mushroom,3002,local_t1153_rank32_slots32,deterministic,1153,16384,32,32,596,1024,32,1,24,6,11386,14621171925,35,35,34359410689,4,1192,163840,5242880,71712,8388608,675840,20608,Field/geometry models only; fixed_cbd requires its separate fixed-before-enrollment contract.
mushroom,3002,local_t1153_rank32_slots32,fixed_cbd,1153,16384,32,32,596,1024,32,1,24,6,11386,1350901334,32,32,4294475777,5,1192,131072,4194304,65568,8388608,675840,20640,Field/geometry models only; fixed_cbd requires its separate fixed-before-enrollment contract.
mushroom,3002,local_t1153_rank32_slots64,deterministic,1153,16384,32,32,596,2048,64,1,24,6,11386,29242319061,36,36,68718428161,4,1192,163840,5242880,73760,8388608,696320,41088,Field/geometry models only; fixed_cbd requires its separate fixed-before-enrollment contract.
mushroom,3002,local_t1153_rank32_slots64,fixed_cbd,1153,16384,32,32,596,2048,64,1,24,6,11386,2109477026,32,32,4294475777,5,1192,131072,4194304,65568,8388608,696320,41120,Field/geometry models only; fixed_cbd requires its separate fixed-before-enrollment contract.
mushroom,3002,local_t1153_rank64_slots16,deterministic,1153,16384,64,58,392,928,16,1,9,4,5419,13250439381,35,35,34359410689,4,784,163840,9502720,71712,15204352,673920,18688,Field/geometry models only; fixed_cbd requires its separate fixed-before-enrollment contract.
mushroom,3002,local_t1153_rank64_slots16,fixed_cbd,1153,16384,64,58,392,928,16,1,9,4,5419,1270486377,32,32,4294475777,5,784,131072,7602176,65568,15204352,673920,18720,Field/geometry models only; fixed_cbd requires its separate fixed-before-enrollment contract.
mushroom,3002,local_t1153_rank64_slots32,deterministic,1153,16384,64,58,392,928,16,1,9,4,5419,13250439381,35,35,34359410689,4,784,163840,9502720,71712,15204352,673920,18688,Field/geometry models only; fixed_cbd requires its separate fixed-before-enrollment contract.
mushroom,3002,local_t1153_rank64_slots32,fixed_cbd,1153,16384,64,58,392,928,16,1,9,4,5419,1270486377,32,32,4294475777,5,784,131072,7602176,65568,15204352,673920,18720,Field/geometry models only; fixed_cbd requires its separate fixed-before-enrollment contract.
mushroom,3002,local_t1153_rank64_slots64,deterministic,1153,16384,64,58,392,928,16,1,9,4,5419,13250439381,35,35,34359410689,4,784,163840,9502720,71712,15204352,673920,18688,Field/geometry models only; fixed_cbd requires its separate fixed-before-enrollment contract.
mushroom,3002,local_t1153_rank64_slots64,fixed_cbd,1153,16384,64,58,392,928,16,1,9,4,5419,1270486377,32,32,4294475777,5,784,131072,7602176,65568,15204352,673920,18720,Field/geometry models only; fixed_cbd requires its separate fixed-before-enrollment contract.
mushroom,3002,global_t1153,deterministic,1153,16384,128,85,85,85,1,1,1,0,752,1213694229,32,32,4294475777,5,170,131072,11141120,65568,22282240,657060,1860,Field/geometry models only; fixed_cbd requires its separate fixed-before-enrollment contract.
mushroom,3002,global_t1153,fixed_cbd,1153,16384,128,85,85,85,1,1,1,0,752,319528236,30,32,4294475777,5,170,131072,11141120,65568,22282240,657060,1860,Field/geometry models only; fixed_cbd requires its separate fixed-before-enrollment contract.
semeion,3001,local_t257_rank32_slots64,deterministic,257,16384,32,23,1401,1472,64,1,64,6,551460,1041003925,31,32,4294475777,5,2802,131072,3014656,65568,6029312,684800,29600,Field/geometry models only; fixed_cbd requires its separate fixed-before-enrollment contract.
semeion,3001,local_t257_rank32_slots64,fixed_cbd,257,16384,32,23,1401,1472,64,1,64,6,551460,84167794,28,32,4294475777,5,2802,131072,3014656,65568,6029312,684800,29600,Field/geometry models only; fixed_cbd requires its separate fixed-before-enrollment contract.
semeion,3001,local_t257_rank64_slots32,deterministic,257,16384,64,46,1433,1472,32,1,32,5,773197,1041003925,31,32,4294475777,5,2866,131072,6029312,65568,12058624,684800,29600,Field/geometry models only; fixed_cbd requires its separate fixed-before-enrollment contract.
semeion,3001,local_t257_rank64_slots32,fixed_cbd,257,16384,64,46,1433,1472,32,1,32,5,773197,84167794,28,32,4294475777,5,2866,131072,6029312,65568,12058624,684800,29600,Field/geometry models only; fixed_cbd requires its separate fixed-before-enrollment contract.
semeion,3001,local_t257_rank64_slots64,deterministic,257,16384,64,46,1433,1472,32,1,32,5,773197,1041003925,31,32,4294475777,5,2866,131072,6029312,65568,12058624,684800,29600,Field/geometry models only; fixed_cbd requires its separate fixed-before-enrollment contract.
semeion,3001,local_t257_rank64_slots64,fixed_cbd,257,16384,64,46,1433,1472,32,1,32,5,773197,84167794,28,32,4294475777,5,2866,131072,6029312,65568,12058624,684800,29600,Field/geometry models only; fixed_cbd requires its separate fixed-before-enrollment contract.
semeion,3001,global_t257,deterministic,257,16384,256,256,256,256,1,1,1,0,296,181048725,29,32,4294475777,5,512,131072,33554432,65568,67108864,660480,5280,Field/geometry models only; fixed_cbd requires its separate fixed-before-enrollment contract.
semeion,3001,global_t257,fixed_cbd,257,16384,256,256,256,256,1,1,1,0,296,29237190,26,32,4294475777,5,512,131072,33554432,65568,67108864,660480,5280,Field/geometry models only; fixed_cbd requires its separate fixed-before-enrollment contract.
semeion,3001,local_t769_rank32_slots64,deterministic,769,16384,32,23,1401,1472,64,1,64,6,551460,9345261717,35,35,34359410689,4,2802,163840,3768320,71712,6029312,684800,29568,Field/geometry models only; fixed_cbd requires its separate fixed-before-enrollment contract.
semeion,3001,local_t769_rank32_slots64,fixed_cbd,769,16384,32,23,1401,1472,64,1,64,6,551460,756107413,31,32,4294475777,5,2802,131072,3014656,65568,6029312,684800,29600,Field/geometry models only; fixed_cbd requires its separate fixed-before-enrollment contract.
semeion,3001,local_t769_rank64_slots32,deterministic,769,16384,64,46,1433,1472,32,1,32,5,774307,9345261717,35,35,34359410689,4,2866,163840,7536640,71712,12058624,684800,29568,Field/geometry models only; fixed_cbd requires its separate fixed-before-enrollment contract.
semeion,3001,local_t769_rank64_slots32,fixed_cbd,769,16384,64,46,1433,1472,32,1,32,5,774307,756107413,31,32,4294475777,5,2866,131072,6029312,65568,12058624,684800,29600,Field/geometry models only; fixed_cbd requires its separate fixed-before-enrollment contract.
semeion,3001,local_t769_rank64_slots64,deterministic,769,16384,64,46,1433,1472,32,1,32,5,774307,9345261717,35,35,34359410689,4,2866,163840,7536640,71712,12058624,684800,29568,Field/geometry models only; fixed_cbd requires its separate fixed-before-enrollment contract.
semeion,3001,local_t769_rank64_slots64,fixed_cbd,769,16384,64,46,1433,1472,32,1,32,5,774307,756107413,31,32,4294475777,5,2866,131072,6029312,65568,12058624,684800,29600,Field/geometry models only; fixed_cbd requires its separate fixed-before-enrollment contract.
semeion,3001,global_t769,deterministic,769,16384,256,256,256,256,1,1,1,0,296,1625276565,32,32,4294475777,5,512,131072,33554432,65568,67108864,660480,5280,Field/geometry models only; fixed_cbd requires its separate fixed-before-enrollment contract.
semeion,3001,global_t769,fixed_cbd,769,16384,256,256,256,256,1,1,1,0,296,262549262,29,32,4294475777,5,512,131072,33554432,65568,67108864,660480,5280,Field/geometry models only; fixed_cbd requires its separate fixed-before-enrollment contract.
semeion,3001,local_t1153_rank32_slots64,deterministic,1153,16384,32,23,1401,1472,64,1,64,6,551460,21017923797,36,36,68718428161,4,2802,163840,3768320,73760,6029312,684800,29568,Field/geometry models only; fixed_cbd requires its separate fixed-before-enrollment contract.
semeion,3001,local_t1153_rank32_slots64,fixed_cbd,1153,16384,32,23,1401,1472,64,1,64,6,551460,1700715656,32,32,4294475777,5,2802,131072,3014656,65568,6029312,684800,29600,Field/geometry models only; fixed_cbd requires its separate fixed-before-enrollment contract.
semeion,3001,local_t1153_rank64_slots32,deterministic,1153,16384,64,46,1433,1472,32,1,32,5,774427,21017923797,36,36,68718428161,4,2866,163840,7536640,73760,12058624,684800,29568,Field/geometry models only; fixed_cbd requires its separate fixed-before-enrollment contract.
semeion,3001,local_t1153_rank64_slots32,fixed_cbd,1153,16384,64,46,1433,1472,32,1,32,5,774427,1700715656,32,32,4294475777,5,2866,131072,6029312,65568,12058624,684800,29600,Field/geometry models only; fixed_cbd requires its separate fixed-before-enrollment contract.
semeion,3001,local_t1153_rank64_slots64,deterministic,1153,16384,64,46,1433,1472,32,1,32,5,774427,21017923797,36,36,68718428161,4,2866,163840,7536640,73760,12058624,684800,29568,Field/geometry models only; fixed_cbd requires its separate fixed-before-enrollment contract.
semeion,3001,local_t1153_rank64_slots64,fixed_cbd,1153,16384,64,46,1433,1472,32,1,32,5,774427,1700715656,32,32,4294475777,5,2866,131072,6029312,65568,12058624,684800,29600,Field/geometry models only; fixed_cbd requires its separate fixed-before-enrollment contract.
semeion,3001,global_t1153,deterministic,1153,16384,256,256,256,256,1,1,1,0,296,3655311573,33,33,8589475841,5,512,163840,41943040,67616,67108864,825600,6560,Field/geometry models only; fixed_cbd requires its separate fixed-before-enrollment contract.
semeion,3001,global_t1153,fixed_cbd,1153,16384,256,256,256,256,1,1,1,0,296,590516301,31,32,4294475777,5,512,131072,33554432,65568,67108864,660480,5280,Field/geometry models only; fixed_cbd requires its separate fixed-before-enrollment contract.
semeion,3002,local_t257_rank32_slots64,deterministic,257,16384,32,23,1401,1472,64,1,64,6,549678,1041003925,31,32,4294475777,5,2802,131072,3014656,65568,6029312,684800,29600,Field/geometry models only; fixed_cbd requires its separate fixed-before-enrollment contract.
semeion,3002,local_t257_rank32_slots64,fixed_cbd,257,16384,32,23,1401,1472,64,1,64,6,549678,84167794,28,32,4294475777,5,2802,131072,3014656,65568,6029312,684800,29600,Field/geometry models only; fixed_cbd requires its separate fixed-before-enrollment contract.
semeion,3002,local_t257_rank64_slots32,deterministic,257,16384,64,46,1433,1472,32,1,32,5,767320,1041003925,31,32,4294475777,5,2866,131072,6029312,65568,12058624,684800,29600,Field/geometry models only; fixed_cbd requires its separate fixed-before-enrollment contract.
semeion,3002,local_t257_rank64_slots32,fixed_cbd,257,16384,64,46,1433,1472,32,1,32,5,767320,84167794,28,32,4294475777,5,2866,131072,6029312,65568,12058624,684800,29600,Field/geometry models only; fixed_cbd requires its separate fixed-before-enrollment contract.
semeion,3002,local_t257_rank64_slots64,deterministic,257,16384,64,46,1433,1472,32,1,32,5,767320,1041003925,31,32,4294475777,5,2866,131072,6029312,65568,12058624,684800,29600,Field/geometry models only; fixed_cbd requires its separate fixed-before-enrollment contract.
semeion,3002,local_t257_rank64_slots64,fixed_cbd,257,16384,64,46,1433,1472,32,1,32,5,767320,84167794,28,32,4294475777,5,2866,131072,6029312,65568,12058624,684800,29600,Field/geometry models only; fixed_cbd requires its separate fixed-before-enrollment contract.
semeion,3002,global_t257,deterministic,257,16384,256,256,256,256,1,1,1,0,296,181048725,29,32,4294475777,5,512,131072,33554432,65568,67108864,660480,5280,Field/geometry models only; fixed_cbd requires its separate fixed-before-enrollment contract.
semeion,3002,global_t257,fixed_cbd,257,16384,256,256,256,256,1,1,1,0,296,29237190,26,32,4294475777,5,512,131072,33554432,65568,67108864,660480,5280,Field/geometry models only; fixed_cbd requires its separate fixed-before-enrollment contract.
semeion,3002,local_t769_rank32_slots64,deterministic,769,16384,32,23,1401,1472,64,1,64,6,549678,9345261717,35,35,34359410689,4,2802,163840,3768320,71712,6029312,684800,29568,Field/geometry models only; fixed_cbd requires its separate fixed-before-enrollment contract.
semeion,3002,local_t769_rank32_slots64,fixed_cbd,769,16384,32,23,1401,1472,64,1,64,6,549678,756107413,31,32,4294475777,5,2802,131072,3014656,65568,6029312,684800,29600,Field/geometry models only; fixed_cbd requires its separate fixed-before-enrollment contract.
semeion,3002,local_t769_rank64_slots32,deterministic,769,16384,64,46,1433,1472,32,1,32,5,768646,9345261717,35,35,34359410689,4,2866,163840,7536640,71712,12058624,684800,29568,Field/geometry models only; fixed_cbd requires its separate fixed-before-enrollment contract.
semeion,3002,local_t769_rank64_slots32,fixed_cbd,769,16384,64,46,1433,1472,32,1,32,5,768646,756107413,31,32,4294475777,5,2866,131072,6029312,65568,12058624,684800,29600,Field/geometry models only; fixed_cbd requires its separate fixed-before-enrollment contract.
semeion,3002,local_t769_rank64_slots64,deterministic,769,16384,64,46,1433,1472,32,1,32,5,768646,9345261717,35,35,34359410689,4,2866,163840,7536640,71712,12058624,684800,29568,Field/geometry models only; fixed_cbd requires its separate fixed-before-enrollment contract.
semeion,3002,local_t769_rank64_slots64,fixed_cbd,769,16384,64,46,1433,1472,32,1,32,5,768646,756107413,31,32,4294475777,5,2866,131072,6029312,65568,12058624,684800,29600,Field/geometry models only; fixed_cbd requires its separate fixed-before-enrollment contract.
semeion,3002,global_t769,deterministic,769,16384,256,256,256,256,1,1,1,0,296,1625276565,32,32,4294475777,5,512,131072,33554432,65568,67108864,660480,5280,Field/geometry models only; fixed_cbd requires its separate fixed-before-enrollment contract.
semeion,3002,global_t769,fixed_cbd,769,16384,256,256,256,256,1,1,1,0,296,262549262,29,32,4294475777,5,512,131072,33554432,65568,67108864,660480,5280,Field/geometry models only; fixed_cbd requires its separate fixed-before-enrollment contract.
semeion,3002,local_t1153_rank32_slots64,deterministic,1153,16384,32,23,1401,1472,64,1,64,6,549678,21017923797,36,36,68718428161,4,2802,163840,3768320,73760,6029312,684800,29568,Field/geometry models only; fixed_cbd requires its separate fixed-before-enrollment contract.
semeion,3002,local_t1153_rank32_slots64,fixed_cbd,1153,16384,32,23,1401,1472,64,1,64,6,549678,1700715656,32,32,4294475777,5,2802,131072,3014656,65568,6029312,684800,29600,Field/geometry models only; fixed_cbd requires its separate fixed-before-enrollment contract.
semeion,3002,local_t1153_rank64_slots32,deterministic,1153,16384,64,46,1433,1472,32,1,32,5,768874,21017923797,36,36,68718428161,4,2866,163840,7536640,73760,12058624,684800,29568,Field/geometry models only; fixed_cbd requires its separate fixed-before-enrollment contract.
semeion,3002,local_t1153_rank64_slots32,fixed_cbd,1153,16384,64,46,1433,1472,32,1,32,5,768874,1700715656,32,32,4294475777,5,2866,131072,6029312,65568,12058624,684800,29600,Field/geometry models only; fixed_cbd requires its separate fixed-before-enrollment contract.
semeion,3002,local_t1153_rank64_slots64,deterministic,1153,16384,64,46,1433,1472,32,1,32,5,768874,21017923797,36,36,68718428161,4,2866,163840,7536640,73760,12058624,684800,29568,Field/geometry models only; fixed_cbd requires its separate fixed-before-enrollment contract.
semeion,3002,local_t1153_rank64_slots64,fixed_cbd,1153,16384,64,46,1433,1472,32,1,32,5,768874,1700715656,32,32,4294475777,5,2866,131072,6029312,65568,12058624,684800,29600,Field/geometry models only; fixed_cbd requires its separate fixed-before-enrollment contract.
semeion,3002,global_t1153,deterministic,1153,16384,256,256,256,256,1,1,1,0,296,3655311573,33,33,8589475841,5,512,163840,41943040,67616,67108864,825600,6560,Field/geometry models only; fixed_cbd requires its separate fixed-before-enrollment contract.
semeion,3002,global_t1153,fixed_cbd,1153,16384,256,256,256,256,1,1,1,0,296,590516301,31,32,4294475777,5,512,131072,33554432,65568,67108864,660480,5280,Field/geometry models only; fixed_cbd requires its separate fixed-before-enrollment contract.
