dataset,seed,layout,one_use_tokens_prepared,completed_queries,utilization,serial_recorded_stage_work_s_model,index_token_packets_plus_online_bodies_bytes_model,owner_private_mask_seed_bytes_model,stored_expanded_answer_bytes_model,scope
mushroom,3001,baseline_t1153_q40,9,1,0.1111111111111111,7.7582631045024755,3527952,288,1474560,"All nine tokens charged; standalone stage model, no pipelining/network or adaptive extension measured."
mushroom,3001,baseline_t1153_q40,9,4,0.4444444444444444,8.006134974003544,4022610,288,1474560,"All nine tokens charged; standalone stage model, no pipelining/network or adaptive extension measured."
mushroom,3001,baseline_t1153_q40,9,9,1.0,8.419254756505325,4847040,288,1474560,"All nine tokens charged; standalone stage model, no pipelining/network or adaptive extension measured."
mushroom,3001,selected_deterministic,9,1,0.1111111111111111,43.23993618200029,2822917,288,1179648,"All nine tokens charged; standalone stage model, no pipelining/network or adaptive extension measured."
mushroom,3001,selected_deterministic,9,4,0.4444444444444444,43.50579071300217,3217702,288,1179648,"All nine tokens charged; standalone stage model, no pipelining/network or adaptive extension measured."
mushroom,3001,selected_deterministic,9,9,1.0,43.9488815980053,3875677,288,1179648,"All nine tokens charged; standalone stage model, no pipelining/network or adaptive extension measured."
mushroom,3002,selected_deterministic,9,1,0.1111111111111111,43.87844444250004,2822990,288,1179648,"All nine tokens charged; standalone stage model, no pipelining/network or adaptive extension measured."
mushroom,3002,selected_deterministic,9,4,0.4444444444444444,44.14459374299986,3217994,288,1179648,"All nine tokens charged; standalone stage model, no pipelining/network or adaptive extension measured."
mushroom,3002,selected_deterministic,9,9,1.0,44.58817591049956,3876334,288,1179648,"All nine tokens charged; standalone stage model, no pipelining/network or adaptive extension measured."
mushroom,3002,baseline_t1153_q40,9,1,0.1111111111111111,7.92294628549962,3528098,288,1474560,"All nine tokens charged; standalone stage model, no pipelining/network or adaptive extension measured."
mushroom,3002,baseline_t1153_q40,9,4,0.4444444444444444,8.17543250899962,4023194,288,1474560,"All nine tokens charged; standalone stage model, no pipelining/network or adaptive extension measured."
mushroom,3002,baseline_t1153_q40,9,9,1.0,8.59624288149962,4848354,288,1474560,"All nine tokens charged; standalone stage model, no pipelining/network or adaptive extension measured."
semeion,3001,baseline_t1153_q40,9,1,0.1111111111111111,8.520687607501259,2791474,288,1474560,"All nine tokens charged; standalone stage model, no pipelining/network or adaptive extension measured."
semeion,3001,baseline_t1153_q40,9,4,0.4444444444444444,8.781690846001766,3291400,288,1474560,"All nine tokens charged; standalone stage model, no pipelining/network or adaptive extension measured."
semeion,3001,baseline_t1153_q40,9,9,1.0,9.21669624350261,4124610,288,1474560,"All nine tokens charged; standalone stage model, no pipelining/network or adaptive extension measured."
semeion,3001,selected_deterministic,9,1,0.1111111111111111,48.48088989500093,2234418,288,1179648,"All nine tokens charged; standalone stage model, no pipelining/network or adaptive extension measured."
semeion,3001,selected_deterministic,9,4,0.4444444444444444,48.756830129000264,2636040,288,1179648,"All nine tokens charged; standalone stage model, no pipelining/network or adaptive extension measured."
semeion,3001,selected_deterministic,9,9,1.0,49.21673051899916,3305410,288,1179648,"All nine tokens charged; standalone stage model, no pipelining/network or adaptive extension measured."
semeion,3002,selected_deterministic,9,1,0.1111111111111111,48.54942856699927,2234418,288,1179648,"All nine tokens charged; standalone stage model, no pipelining/network or adaptive extension measured."
semeion,3002,selected_deterministic,9,4,0.4444444444444444,48.823129693997544,2636040,288,1179648,"All nine tokens charged; standalone stage model, no pipelining/network or adaptive extension measured."
semeion,3002,selected_deterministic,9,9,1.0,49.27929823899467,3305410,288,1179648,"All nine tokens charged; standalone stage model, no pipelining/network or adaptive extension measured."
semeion,3002,baseline_t1153_q40,9,1,0.1111111111111111,8.539972474499791,2791474,288,1474560,"All nine tokens charged; standalone stage model, no pipelining/network or adaptive extension measured."
semeion,3002,baseline_t1153_q40,9,4,0.4444444444444444,8.800762667998242,3291400,288,1474560,"All nine tokens charged; standalone stage model, no pipelining/network or adaptive extension measured."
semeion,3002,baseline_t1153_q40,9,9,1.0,9.23541299049566,4124610,288,1474560,"All nine tokens charged; standalone stage model, no pipelining/network or adaptive extension measured."
