dataset,seed,layout,fixed_requests_prepared,completed_queries,utilization,modeled_serial_recorded_stage_work_s,modeled_index_token_packets_plus_online_body_bytes,fixed_schedule_body_bytes_model
mushroom,3001,deterministic_q40,9,1,0.1111111111111111,8.053218712000216,3527952,19116
mushroom,3001,deterministic_q40,9,4,0.4444444444444444,8.277914397999666,4022610,19116
mushroom,3001,deterministic_q40,9,9,1.0,8.652407207998749,4847040,19116
mushroom,3001,fixed_cbd_q32,9,1,0.1111111111111111,8.941824970001107,2823496,19116
mushroom,3001,fixed_cbd_q32,9,4,0.4444444444444444,9.190212363999763,3220018,19116
mushroom,3001,fixed_cbd_q32,9,9,1.0,9.604191353997521,3880888,19116
mushroom,3002,fixed_cbd_q32,9,1,0.1111111111111111,9.151101116499603,2823642,21744
mushroom,3002,fixed_cbd_q32,9,4,0.4444444444444444,9.398210976999962,3220602,21744
mushroom,3002,fixed_cbd_q32,9,9,1.0,9.81006074450056,3882202,21744
mushroom,3002,deterministic_q40,9,1,0.1111111111111111,8.274592117498969,3528098,21744
mushroom,3002,deterministic_q40,9,4,0.4444444444444444,8.508509135997883,4023194,21744
mushroom,3002,deterministic_q40,9,9,1.0,8.898370833496074,4848354,21744
semeion,3001,deterministic_q40,9,1,0.1111111111111111,9.008093599500853,2791474,50724
semeion,3001,deterministic_q40,9,4,0.4444444444444444,9.240980856000533,3291400,50724
semeion,3001,deterministic_q40,9,9,1.0,9.6291262835,4124610,50724
semeion,3001,fixed_cbd_q32,9,1,0.1111111111111111,9.590627450500278,2234474,50724
semeion,3001,fixed_cbd_q32,9,4,0.4444444444444444,9.843962661999285,2636264,50724
semeion,3001,fixed_cbd_q32,9,9,1.0,10.26618801449763,3305914,50724
semeion,3002,fixed_cbd_q32,9,1,0.1111111111111111,9.45501198549914,2234474,50724
semeion,3002,fixed_cbd_q32,9,4,0.4444444444444444,9.694888455999717,2636264,50724
semeion,3002,fixed_cbd_q32,9,9,1.0,10.094682573500677,3305914,50724
semeion,3002,deterministic_q40,9,1,0.1111111111111111,8.798632319499575,2791474,50724
semeion,3002,deterministic_q40,9,4,0.4444444444444444,9.021349863998694,3291400,50724
semeion,3002,deterministic_q40,9,9,1.0,9.392545771497225,4124610,50724
