dataset,seed,layout,completed_queries,utilization,prepared_tokens,measured_setup_stage_sum_s,median_offline_work_per_token_s,median_online_work_s,modeled_serial_stage_work_s,seeded_index_packet_bytes,offline_packet_plus_online_body_bytes_per_query,index_and_token_packets_plus_online_bodies_bytes,online_owner_epoch_body_bytes,offline_owner_coordinate_u16_bytes
mushroom,3001,local,1,1.0,1,7.286347747314721,0.0807267208583653,0.07831236207857728,7.445386830251664,2624832,246912.0,2871744,294711,403648
mushroom,3001,local,1,0.5,2,7.286347747314721,0.0807267208583653,0.07831236207857728,7.526113551110029,2624832,328938.0,2953770,294711,403648
mushroom,3001,local,1,0.1,10,7.286347747314721,0.0807267208583653,0.07831236207857728,8.171927317976952,2624832,985146.0,3609978,294711,403648
mushroom,3001,local,10,1.0,10,7.286347747314721,0.0807267208583653,0.07831236207857728,8.876738576684147,2624832,246912.0,5093952,294711,403648
mushroom,3001,local,10,0.5,20,7.286347747314721,0.0807267208583653,0.07831236207857728,9.6840057852678,2624832,328938.0,5914212,294711,403648
mushroom,3001,local,10,0.1,100,7.286347747314721,0.0807267208583653,0.07831236207857728,16.142143453937024,2624832,985146.0,12476292,294711,403648
mushroom,3001,local,1000,1.0,1000,7.286347747314721,0.0807267208583653,0.07831236207857728,166.3254306842573,2624832,246912.0,249536832,294711,403648
mushroom,3001,local,1000,0.5,2000,7.286347747314721,0.0807267208583653,0.07831236207857728,247.0521515426226,2624832,328938.0,331562832,294711,403648
mushroom,3001,local,1000,0.1,10000,7.286347747314721,0.0807267208583653,0.07831236207857728,892.865918409545,2624832,985146.0,987770832,294711,403648
mushroom,3001,flat_equal,1,1.0,1,7.278181322384626,0.08720738883130252,0.08127247774973512,7.446661188965663,2624832,246254.0,2871086,297415,403648
mushroom,3001,flat_equal,1,0.5,2,7.278181322384626,0.08720738883130252,0.08127247774973512,7.533868577796966,2624832,328280.0,2953112,297415,403648
mushroom,3001,flat_equal,1,0.1,10,7.278181322384626,0.08720738883130252,0.08127247774973512,8.231527688447386,2624832,984488.0,3609320,297415,403648
mushroom,3001,flat_equal,10,1.0,10,7.278181322384626,0.08720738883130252,0.08127247774973512,8.962979988195002,2624832,246254.0,5087372,297415,403648
mushroom,3001,flat_equal,10,0.5,20,7.278181322384626,0.08720738883130252,0.08127247774973512,9.835053876508027,2624832,328280.0,5907632,297415,403648
mushroom,3001,flat_equal,10,0.1,100,7.278181322384626,0.08720738883130252,0.08127247774973512,16.81164498301223,2624832,984488.0,12469712,297415,403648
mushroom,3001,flat_equal,1000,1.0,1000,7.278181322384626,0.08720738883130252,0.08127247774973512,175.75804790342227,2624832,246254.0,248878832,297415,403648
mushroom,3001,flat_equal,1000,0.5,2000,7.278181322384626,0.08720738883130252,0.08127247774973512,262.9654367347248,2624832,328280.0,330904832,297415,403648
mushroom,3001,flat_equal,1000,0.1,10000,7.278181322384626,0.08720738883130252,0.08127247774973512,960.624547385145,2624832,984488.0,987112832,297415,403648
mushroom,3001,root_intersection,1,1.0,1,7.159153941553086,0.08604218461550772,0.08102339645847678,7.3262195226270705,2624832,246250.0,2871082,297015,403648
mushroom,3001,root_intersection,1,0.5,2,7.159153941553086,0.08604218461550772,0.08102339645847678,7.412261707242578,2624832,328276.0,2953108,297015,403648
mushroom,3001,root_intersection,1,0.1,10,7.159153941553086,0.08604218461550772,0.08102339645847678,8.10059918416664,2624832,984484.0,3609316,297015,403648
mushroom,3001,root_intersection,10,1.0,10,7.159153941553086,0.08604218461550772,0.08102339645847678,8.829809752292931,2624832,246250.0,5087332,297015,403648
mushroom,3001,root_intersection,10,0.5,20,7.159153941553086,0.08604218461550772,0.08102339645847678,9.690231598448008,2624832,328276.0,5907592,297015,403648
mushroom,3001,root_intersection,10,0.1,100,7.159153941553086,0.08604218461550772,0.08102339645847678,16.573606367688626,2624832,984484.0,12469672,297015,403648
mushroom,3001,root_intersection,1000,1.0,1000,7.159153941553086,0.08604218461550772,0.08102339645847678,174.2247350155376,2624832,246250.0,248874832,297015,403648
mushroom,3001,root_intersection,1000,0.5,2000,7.159153941553086,0.08604218461550772,0.08102339645847678,260.2669196310453,2624832,328276.0,330900832,297015,403648
mushroom,3001,root_intersection,1000,0.1,10000,7.159153941553086,0.08604218461550772,0.08102339645847678,948.6043965551071,2624832,984484.0,987108832,297015,403648
mushroom,3001,hierarchy,1,1.0,1,7.174904687330127,0.08598900749348104,0.0838338602334261,7.344727555057034,2624832,246226.0,2871058,301261,403648
mushroom,3001,hierarchy,1,0.5,2,7.174904687330127,0.08598900749348104,0.0838338602334261,7.430716562550515,2624832,328252.0,2953084,301261,403648
mushroom,3001,hierarchy,1,0.1,10,7.174904687330127,0.08598900749348104,0.0838338602334261,8.118628622498363,2624832,984460.0,3609292,301261,403648
mushroom,3001,hierarchy,10,1.0,10,7.174904687330127,0.08598900749348104,0.0838338602334261,8.873133364599198,2624832,246226.0,5087092,301261,403648
mushroom,3001,hierarchy,10,0.5,20,7.174904687330127,0.08598900749348104,0.0838338602334261,9.733023439534009,2624832,328252.0,5907352,301261,403648
mushroom,3001,hierarchy,10,0.1,100,7.174904687330127,0.08598900749348104,0.0838338602334261,16.61214403901249,2624832,984460.0,12469432,301261,403648
mushroom,3001,hierarchy,1000,1.0,1000,7.174904687330127,0.08598900749348104,0.0838338602334261,176.99777241423726,2624832,246226.0,248850832,301261,403648
mushroom,3001,hierarchy,1000,0.5,2000,7.174904687330127,0.08598900749348104,0.0838338602334261,262.9867799077183,2624832,328252.0,330876832,301261,403648
mushroom,3001,hierarchy,1000,0.1,10000,7.174904687330127,0.08598900749348104,0.0838338602334261,950.8988398555666,2624832,984460.0,987084832,301261,403648
mushroom,3001,uniform_hierarchy,1,1.0,1,7.194784102961421,0.08791677444241941,0.08582565747201443,7.368526534875855,2624832,246226.0,2871058,302564,403648
mushroom,3001,uniform_hierarchy,1,0.5,2,7.194784102961421,0.08791677444241941,0.08582565747201443,7.456443309318274,2624832,328252.0,2953084,302564,403648
mushroom,3001,uniform_hierarchy,1,0.1,10,7.194784102961421,0.08791677444241941,0.08582565747201443,8.15977750485763,2624832,984460.0,3609292,302564,403648
mushroom,3001,uniform_hierarchy,10,1.0,10,7.194784102961421,0.08791677444241941,0.08582565747201443,8.93220842210576,2624832,246226.0,5087092,302564,403648
mushroom,3001,uniform_hierarchy,10,0.5,20,7.194784102961421,0.08791677444241941,0.08582565747201443,9.811376166529953,2624832,328252.0,5907352,302564,403648
mushroom,3001,uniform_hierarchy,10,0.1,100,7.194784102961421,0.08791677444241941,0.08582565747201443,16.844718121923506,2624832,984460.0,12469432,302564,403648
mushroom,3001,uniform_hierarchy,1000,1.0,1000,7.194784102961421,0.08791677444241941,0.08582565747201443,180.93721601739526,2624832,246226.0,248850832,302564,403648
mushroom,3001,uniform_hierarchy,1000,0.5,2000,7.194784102961421,0.08791677444241941,0.08582565747201443,268.85399045981467,2624832,328252.0,330876832,302564,403648
mushroom,3001,uniform_hierarchy,1000,0.1,10000,7.194784102961421,0.08791677444241941,0.08582565747201443,972.18818599917,2624832,984460.0,987084832,302564,403648
mushroom,3001,regrouped_hierarchy,1,1.0,1,7.771155990194529,0.08731360570527613,0.08498974703252316,7.943459342932329,2624832,246194.0,2871026,299873,403648
mushroom,3001,regrouped_hierarchy,1,0.5,2,7.771155990194529,0.08731360570527613,0.08498974703252316,8.030772948637605,2624832,328220.0,2953052,299873,403648
mushroom,3001,regrouped_hierarchy,1,0.1,10,7.771155990194529,0.08731360570527613,0.08498974703252316,8.729281794279814,2624832,984428.0,3609260,299873,403648
mushroom,3001,regrouped_hierarchy,10,1.0,10,7.771155990194529,0.08731360570527613,0.08498974703252316,9.494189517572522,2624832,246194.0,5086772,299873,403648
mushroom,3001,regrouped_hierarchy,10,0.5,20,7.771155990194529,0.08731360570527613,0.08498974703252316,10.367325574625283,2624832,328220.0,5907032,299873,403648
mushroom,3001,regrouped_hierarchy,10,0.1,100,7.771155990194529,0.08731360570527613,0.08498974703252316,17.352414031047374,2624832,984428.0,12469112,299873,403648
mushroom,3001,regrouped_hierarchy,1000,1.0,1000,7.771155990194529,0.08731360570527613,0.08498974703252316,180.07450872799382,2624832,246194.0,248818832,299873,403648
mushroom,3001,regrouped_hierarchy,1000,0.5,2000,7.771155990194529,0.08731360570527613,0.08498974703252316,267.38811443326995,2624832,328220.0,330844832,299873,403648
mushroom,3001,regrouped_hierarchy,1000,0.1,10000,7.771155990194529,0.08731360570527613,0.08498974703252316,965.896960075479,2624832,984428.0,987052832,299873,403648
mushroom,3001,global,1,1.0,1,4.631230149883777,0.11363801313564181,0.08367386506870389,4.828542028088123,5579570,196884.0,5776454,216197,1359320
mushroom,3001,global,1,0.5,2,4.631230149883777,0.11363801313564181,0.08367386506870389,4.942180041223764,5579570,262526.0,5842096,216197,1359320
mushroom,3001,global,1,0.1,10,4.631230149883777,0.11363801313564181,0.08367386506870389,5.851284146308899,5579570,787662.0,6367232,216197,1359320
mushroom,3001,global,10,1.0,10,4.631230149883777,0.11363801313564181,0.08367386506870389,6.604348931927234,5579570,196884.0,7548410,216197,1359320
mushroom,3001,global,10,0.5,20,4.631230149883777,0.11363801313564181,0.08367386506870389,7.740729063283652,5579570,262526.0,8204830,216197,1359320
mushroom,3001,global,10,0.1,100,4.631230149883777,0.11363801313564181,0.08367386506870389,16.831770114134997,5579570,787662.0,13456190,216197,1359320
mushroom,3001,global,1000,1.0,1000,4.631230149883777,0.11363801313564181,0.08367386506870389,201.94310835422948,5579570,196884.0,202463570,216197,1359320
mushroom,3001,global,1000,0.5,2000,4.631230149883777,0.11363801313564181,0.08367386506870389,315.5811214898713,5579570,262526.0,268105570,216197,1359320
mushroom,3001,global,1000,0.1,10000,4.631230149883777,0.11363801313564181,0.08367386506870389,1224.6852265750058,5579570,787662.0,793241570,216197,1359320
mushroom,3001,raw,1,1.0,1,6.1566253188066185,0.1318920834455639,0.0896662357263267,6.378183637978509,8270892,196966.0,8467858,216595,2014992
mushroom,3001,raw,1,0.5,2,6.1566253188066185,0.1318920834455639,0.0896662357263267,6.510075721424073,8270892,262608.0,8533500,216595,2014992
mushroom,3001,raw,1,0.1,10,6.1566253188066185,0.1318920834455639,0.0896662357263267,7.565212388988584,8270892,787744.0,9058636,216595,2014992
mushroom,3001,raw,10,1.0,10,6.1566253188066185,0.1318920834455639,0.0896662357263267,8.372208510525525,8270892,196966.0,10240552,216595,2014992
mushroom,3001,raw,10,0.5,20,6.1566253188066185,0.1318920834455639,0.0896662357263267,9.691129344981164,8270892,262608.0,10896972,216595,2014992
mushroom,3001,raw,10,0.1,100,6.1566253188066185,0.1318920834455639,0.0896662357263267,20.242496020626277,8270892,787744.0,16148332,216595,2014992
mushroom,3001,raw,1000,1.0,1000,6.1566253188066185,0.1318920834455639,0.0896662357263267,227.71494449069723,8270892,196966.0,205236892,216595,2014992
mushroom,3001,raw,1000,0.5,2000,6.1566253188066185,0.1318920834455639,0.0896662357263267,359.60702793626115,8270892,262608.0,270878892,216595,2014992
mushroom,3001,raw,1000,0.1,10000,6.1566253188066185,0.1318920834455639,0.0896662357263267,1414.7436955007724,8270892,787744.0,796014892,216595,2014992
mushroom,3002,hierarchy,1,1.0,1,7.542315650731325,0.08619172614999115,0.08484849287196994,7.713355869753286,2624832,246254.0,2871086,304096,390162
mushroom,3002,hierarchy,1,0.5,2,7.542315650731325,0.08619172614999115,0.08484849287196994,7.799547595903277,2624832,328280.0,2953112,304096,390162
mushroom,3002,hierarchy,1,0.1,10,7.542315650731325,0.08619172614999115,0.08484849287196994,8.489081405103207,2624832,984488.0,3609320,304096,390162
mushroom,3002,hierarchy,10,1.0,10,7.542315650731325,0.08619172614999115,0.08484849287196994,9.252717840950936,2624832,246254.0,5087372,304096,390162
mushroom,3002,hierarchy,10,0.5,20,7.542315650731325,0.08619172614999115,0.08484849287196994,10.114635102450848,2624832,328280.0,5907632,304096,390162
mushroom,3002,hierarchy,10,0.1,100,7.542315650731325,0.08619172614999115,0.08484849287196994,17.00997319445014,2624832,984488.0,12469712,304096,390162
mushroom,3002,hierarchy,1000,1.0,1000,7.542315650731325,0.08619172614999115,0.08484849287196994,178.58253467269242,2624832,246254.0,248878832,304096,390162
mushroom,3002,hierarchy,1000,0.5,2000,7.542315650731325,0.08619172614999115,0.08484849287196994,264.7742608226836,2624832,328280.0,330904832,304096,390162
mushroom,3002,hierarchy,1000,0.1,10000,7.542315650731325,0.08619172614999115,0.08484849287196994,954.3080700226128,2624832,984488.0,987112832,304096,390162
mushroom,3002,root_intersection,1,1.0,1,7.526617927011102,0.08856286620721221,0.08456113841384649,7.699741931632161,2624832,246282.0,2871114,299732,390162
mushroom,3002,root_intersection,1,0.5,2,7.526617927011102,0.08856286620721221,0.08456113841384649,7.788304797839373,2624832,328308.0,2953140,299732,390162
mushroom,3002,root_intersection,1,0.1,10,7.526617927011102,0.08856286620721221,0.08456113841384649,8.496807727497071,2624832,984516.0,3609348,299732,390162
mushroom,3002,root_intersection,10,1.0,10,7.526617927011102,0.08856286620721221,0.08456113841384649,9.25785797322169,2624832,246282.0,5087652,299732,390162
mushroom,3002,root_intersection,10,0.5,20,7.526617927011102,0.08856286620721221,0.08456113841384649,10.143486635293812,2624832,328308.0,5907912,299732,390162
mushroom,3002,root_intersection,10,0.1,100,7.526617927011102,0.08856286620721221,0.08456113841384649,17.22851593187079,2624832,984516.0,12469992,299732,390162
mushroom,3002,root_intersection,1000,1.0,1000,7.526617927011102,0.08856286620721221,0.08456113841384649,180.6506225480698,2624832,246282.0,248906832,299732,390162
mushroom,3002,root_intersection,1000,0.5,2000,7.526617927011102,0.08856286620721221,0.08456113841384649,269.213488755282,2624832,328308.0,330932832,299732,390162
mushroom,3002,root_intersection,1000,0.1,10000,7.526617927011102,0.08856286620721221,0.08456113841384649,977.7164184129797,2624832,984516.0,987140832,299732,390162
mushroom,3002,flat_equal,1,1.0,1,7.504548376426101,0.08897998603060842,0.08262376813217998,7.676152130588889,2624832,246282.0,2871114,299732,390162
mushroom,3002,flat_equal,1,0.5,2,7.504548376426101,0.08897998603060842,0.08262376813217998,7.7651321166194975,2624832,328308.0,2953140,299732,390162
mushroom,3002,flat_equal,1,0.1,10,7.504548376426101,0.08897998603060842,0.08262376813217998,8.476972004864365,2624832,984516.0,3609348,299732,390162
mushroom,3002,flat_equal,10,1.0,10,7.504548376426101,0.08897998603060842,0.08262376813217998,9.220585918053985,2624832,246282.0,5087652,299732,390162
mushroom,3002,flat_equal,10,0.5,20,7.504548376426101,0.08897998603060842,0.08262376813217998,10.110385778360069,2624832,328308.0,5907912,299732,390162
mushroom,3002,flat_equal,10,0.1,100,7.504548376426101,0.08897998603060842,0.08262376813217998,17.228784660808742,2624832,984516.0,12469992,299732,390162
mushroom,3002,flat_equal,1000,1.0,1000,7.504548376426101,0.08897998603060842,0.08262376813217998,179.1083025392145,2624832,246282.0,248906832,299732,390162
mushroom,3002,flat_equal,1000,0.5,2000,7.504548376426101,0.08897998603060842,0.08262376813217998,268.0882885698229,2624832,328308.0,330932832,299732,390162
mushroom,3002,flat_equal,1000,0.1,10000,7.504548376426101,0.08897998603060842,0.08262376813217998,979.9281768146902,2624832,984516.0,987140832,299732,390162
mushroom,3002,local,1,1.0,1,7.421497533097863,0.08036328898742795,0.08109177276492119,7.582952594850212,2624832,247058.0,2871890,296844,390162
mushroom,3002,local,1,0.5,2,7.421497533097863,0.08036328898742795,0.08109177276492119,7.66331588383764,2624832,329084.0,2953916,296844,390162
mushroom,3002,local,1,0.1,10,7.421497533097863,0.08036328898742795,0.08109177276492119,8.306222195737064,2624832,985292.0,3610124,296844,390162
mushroom,3002,local,10,1.0,10,7.421497533097863,0.08036328898742795,0.08109177276492119,9.036048150621355,2624832,247058.0,5095412,296844,390162
mushroom,3002,local,10,0.5,20,7.421497533097863,0.08036328898742795,0.08109177276492119,9.839681040495634,2624832,329084.0,5915672,296844,390162
mushroom,3002,local,10,0.1,100,7.421497533097863,0.08036328898742795,0.08109177276492119,16.26874415948987,2624832,985292.0,12477752,296844,390162
mushroom,3002,local,1000,1.0,1000,7.421497533097863,0.08036328898742795,0.08109177276492119,168.876559285447,2624832,247058.0,249682832,296844,390162
mushroom,3002,local,1000,0.5,2000,7.421497533097863,0.08036328898742795,0.08109177276492119,249.23984827287495,2624832,329084.0,331708832,296844,390162
mushroom,3002,local,1000,0.1,10000,7.421497533097863,0.08036328898742795,0.08109177276492119,892.1461601722986,2624832,985292.0,987916832,296844,390162
mushroom,3002,regrouped_hierarchy,1,1.0,1,8.165335695724934,0.09490761277265847,0.08307307912036777,8.34331638761796,2624832,246212.0,2871044,302779,390162
mushroom,3002,regrouped_hierarchy,1,0.5,2,8.165335695724934,0.09490761277265847,0.08307307912036777,8.438224000390619,2624832,328238.0,2953070,302779,390162
mushroom,3002,regrouped_hierarchy,1,0.1,10,8.165335695724934,0.09490761277265847,0.08307307912036777,9.197484902571887,2624832,984446.0,3609278,302779,390162
mushroom,3002,regrouped_hierarchy,10,1.0,10,8.165335695724934,0.09490761277265847,0.08307307912036777,9.945142614655197,2624832,246212.0,5086952,302779,390162
mushroom,3002,regrouped_hierarchy,10,0.5,20,8.165335695724934,0.09490761277265847,0.08307307912036777,10.894218742381781,2624832,328238.0,5907212,302779,390162
mushroom,3002,regrouped_hierarchy,10,0.1,100,8.165335695724934,0.09490761277265847,0.08307307912036777,18.48682776419446,2624832,984446.0,12469292,302779,390162
mushroom,3002,regrouped_hierarchy,1000,1.0,1000,8.165335695724934,0.09490761277265847,0.08307307912036777,186.14602758875117,2624832,246212.0,248836832,302779,390162
mushroom,3002,regrouped_hierarchy,1000,0.5,2000,8.165335695724934,0.09490761277265847,0.08307307912036777,281.05364036140963,2624832,328238.0,330862832,302779,390162
mushroom,3002,regrouped_hierarchy,1000,0.1,10000,8.165335695724934,0.09490761277265847,0.08307307912036777,1040.3145425426774,2624832,984446.0,987070832,302779,390162
mushroom,3002,uniform_hierarchy,1,1.0,1,7.5252112643793225,0.08800662611611187,0.08578489115461707,7.6990027816500515,2624832,246254.0,2871086,304819,390162
mushroom,3002,uniform_hierarchy,1,0.5,2,7.5252112643793225,0.08800662611611187,0.08578489115461707,7.787009407766163,2624832,328280.0,2953112,304819,390162
mushroom,3002,uniform_hierarchy,1,0.1,10,7.5252112643793225,0.08800662611611187,0.08578489115461707,8.491062416695058,2624832,984488.0,3609320,304819,390162
mushroom,3002,uniform_hierarchy,10,1.0,10,7.5252112643793225,0.08800662611611187,0.08578489115461707,9.263126437086612,2624832,246254.0,5087372,304819,390162
mushroom,3002,uniform_hierarchy,10,0.5,20,7.5252112643793225,0.08800662611611187,0.08578489115461707,10.14319269824773,2624832,328280.0,5907632,304819,390162
mushroom,3002,uniform_hierarchy,10,0.1,100,7.5252112643793225,0.08800662611611187,0.08578489115461707,17.18372278753668,2624832,984488.0,12469712,304819,390162
mushroom,3002,uniform_hierarchy,1000,1.0,1000,7.5252112643793225,0.08800662611611187,0.08578489115461707,181.31672853510827,2624832,246254.0,248878832,304819,390162
mushroom,3002,uniform_hierarchy,1000,0.5,2000,7.5252112643793225,0.08800662611611187,0.08578489115461707,269.32335465122014,2624832,328280.0,330904832,304819,390162
mushroom,3002,uniform_hierarchy,1000,0.1,10000,7.5252112643793225,0.08800662611611187,0.08578489115461707,973.3763635801151,2624832,984488.0,987112832,304819,390162
mushroom,3002,raw,1,1.0,1,6.3172999997623265,0.13207064662128687,0.08706445712596178,6.536435103509575,8270892,196966.0,8467858,216595,2014992
mushroom,3002,raw,1,0.5,2,6.3172999997623265,0.13207064662128687,0.08706445712596178,6.668505750130862,8270892,262608.0,8533500,216595,2014992
mushroom,3002,raw,1,0.1,10,6.3172999997623265,0.13207064662128687,0.08706445712596178,7.725070923101157,8270892,787744.0,9058636,216595,2014992
mushroom,3002,raw,10,1.0,10,6.3172999997623265,0.13207064662128687,0.08706445712596178,8.508651037234813,8270892,196966.0,10240552,216595,2014992
mushroom,3002,raw,10,0.5,20,6.3172999997623265,0.13207064662128687,0.08706445712596178,9.829357503447682,8270892,262608.0,10896972,216595,2014992
mushroom,3002,raw,10,0.1,100,6.3172999997623265,0.13207064662128687,0.08706445712596178,20.39500923315063,8270892,787744.0,16148332,216595,2014992
mushroom,3002,raw,1000,1.0,1000,6.3172999997623265,0.13207064662128687,0.08706445712596178,225.45240374701098,8270892,196966.0,205236892,216595,2014992
mushroom,3002,raw,1000,0.5,2000,6.3172999997623265,0.13207064662128687,0.08706445712596178,357.52305036829785,8270892,262608.0,270878892,216595,2014992
mushroom,3002,raw,1000,0.1,10000,6.3172999997623265,0.13207064662128687,0.08706445712596178,1414.0882233385928,8270892,787744.0,796014892,216595,2014992
mushroom,3002,global,1,1.0,1,4.550806183833629,0.11327647045254707,0.08397774491459131,4.748060399200767,5579570,196884.0,5776454,216197,1359320
mushroom,3002,global,1,0.5,2,4.550806183833629,0.11327647045254707,0.08397774491459131,4.861336869653314,5579570,262526.0,5842096,216197,1359320
mushroom,3002,global,1,0.1,10,4.550806183833629,0.11327647045254707,0.08397774491459131,5.767548633273691,5579570,787662.0,6367232,216197,1359320
mushroom,3002,global,10,1.0,10,4.550806183833629,0.11327647045254707,0.08397774491459131,6.523348337505013,5579570,196884.0,7548410,216197,1359320
mushroom,3002,global,10,0.5,20,4.550806183833629,0.11327647045254707,0.08397774491459131,7.6561130420304835,5579570,262526.0,8204830,216197,1359320
mushroom,3002,global,10,0.1,100,4.550806183833629,0.11327647045254707,0.08397774491459131,16.71823067823425,5579570,787662.0,13456190,216197,1359320
mushroom,3002,global,1000,1.0,1000,4.550806183833629,0.11327647045254707,0.08397774491459131,201.80502155097201,5579570,196884.0,202463570,216197,1359320
mushroom,3002,global,1000,0.5,2000,4.550806183833629,0.11327647045254707,0.08397774491459131,315.0814920035191,5579570,262526.0,268105570,216197,1359320
mushroom,3002,global,1000,0.1,10000,4.550806183833629,0.11327647045254707,0.08397774491459131,1221.2932556238957,5579570,787662.0,793241570,216197,1359320
