dataset,seed,layout,F,h,W,q_bits,encrypted_index_body_bytes,query_body_bytes,reply_body_bytes,private_map_body_bytes,checker_body_bytes,public_space_json_bytes,maps_checker_geometry_body_bytes,laminar_coordinate_count,fit_s,regroup_s
mushroom,3001,local,32,523,1024,40,5242880,1046,163840,9542,20608,2465,32615,,,
mushroom,3001,global,85,85,85,32,11141120,170,131072,752,1860,217,2829,,,
mushroom,3001,raw,126,126,126,32,16515072,252,131072,0,2680,219,2899,,,
mushroom,3001,depth-1,32,194,1024,40,5242880,388,163840,10134,20608,4577,35319,645,0.11458879103884101,
mushroom,3001,depth0,32,192,993,40,5242880,384,163840,10380,19988,4551,34919,621,0.11614877823740244,
mushroom,3001,depth1,32,191,993,40,5242880,382,163840,10646,19988,4529,35163,611,0.12324486393481493,
mushroom,3001,depth2,32,187,965,40,5242880,374,163840,11748,19428,4504,35680,575,0.12431515287607908,
mushroom,3001,depth3,32,182,893,40,5242880,364,163840,14162,17988,4494,36644,472,0.11854058969765902,
mushroom,3001,depth4,32,180,877,40,5242880,360,163840,16998,17668,4499,39165,430,0.1308163870126009,
mushroom,3001,uniform_hierarchy,32,180,877,40,5242880,360,163840,17110,17668,5690,40468,430,0.14992799516767263,0.012746265158057213
mushroom,3001,regrouped_hierarchy,32,164,921,40,5242880,328,163840,13502,18548,5727,37777,321,0.14687183080241084,0.6050678142346442
mushroom,3002,local,32,596,1024,40,5242880,1192,163840,11386,20608,2754,34748,,,
mushroom,3002,global,85,85,85,32,11141120,170,131072,752,1860,217,2829,,,
mushroom,3002,raw,126,126,126,32,16515072,252,131072,0,2680,219,2899,,,
mushroom,3002,depth-1,32,208,1024,40,5242880,416,163840,12054,20608,4974,37636,695,0.12287110090255737,
mushroom,3002,depth0,32,208,1024,40,5242880,416,163840,12054,20608,4974,37636,695,0.12414470501244068,
mushroom,3002,depth1,32,208,994,40,5242880,416,163840,13014,20008,4971,37993,669,0.1242868471890688,
mushroom,3002,depth2,32,206,966,40,5242880,412,163840,13952,19448,4975,38375,594,0.12785637099295855,
mushroom,3002,depth3,32,201,966,40,5242880,402,163840,16209,19448,4988,40645,532,0.1228193212300539,
mushroom,3002,depth4,32,194,918,40,5242880,388,163840,18523,18488,4989,42000,486,0.1316507887095213,
mushroom,3002,uniform_hierarchy,32,194,918,40,5242880,388,163840,18587,18488,5648,42723,486,0.143343988340348,0.010559170041233301
mushroom,3002,regrouped_hierarchy,32,173,952,40,5242880,346,163840,15956,19168,5559,40683,353,0.14366366481408477,0.6886394112370908
semeion,3001,local,23,1401,1472,40,3768320,2802,163840,551460,29568,6219,587247,,,
semeion,3001,global,256,256,256,40,41943040,512,163840,296,5248,219,5763,,,
semeion,3001,raw,256,256,256,40,41943040,512,163840,0,5248,219,5467,,,
semeion,3001,depth-1,23,1401,1472,40,3768320,2802,163840,554032,29568,12241,595841,1401,0.4060101150535047,
semeion,3001,depth0,23,1401,1472,40,3768320,2802,163840,554032,29568,12241,595841,1401,0.40840041916817427,
semeion,3001,depth1,23,1401,1472,40,3768320,2802,163840,554032,29568,12241,595841,1401,0.41796939307823777,
semeion,3001,depth2,23,1401,1472,40,3768320,2802,163840,554032,29568,12241,595841,1401,0.4098654971458018,
semeion,3001,depth3,23,1401,1472,40,3768320,2802,163840,554032,29568,12241,595841,1401,0.4156369329430163,
semeion,3001,depth4,23,1401,1472,40,3768320,2802,163840,554032,29568,12241,595841,1401,0.41815642919391394,
semeion,3001,depth5,23,1401,1472,40,3768320,2802,163840,554032,29568,12241,595841,1401,0.42731727566570044,
semeion,3001,uniform_hierarchy,23,1401,1472,40,3768320,2802,163840,554032,29568,12241,595841,1401,0.4228698960505426,0.05372979724779725
semeion,3001,regrouped_hierarchy,23,1401,1472,40,3768320,2802,163840,554032,29568,12241,595841,1401,0.42237546294927597,4.589660104364157
semeion,3002,local,23,1401,1472,40,3768320,2802,163840,549678,29568,6219,585465,,,
semeion,3002,global,256,256,256,40,41943040,512,163840,296,5248,219,5763,,,
semeion,3002,raw,256,256,256,40,41943040,512,163840,0,5248,219,5467,,,
semeion,3002,depth-1,23,1401,1472,40,3768320,2802,163840,552250,29568,12241,594059,1401,0.40579109685495496,
semeion,3002,depth0,23,1401,1472,40,3768320,2802,163840,552250,29568,12241,594059,1401,0.40774394385516644,
semeion,3002,depth1,23,1401,1472,40,3768320,2802,163840,552250,29568,12241,594059,1401,0.40743049792945385,
semeion,3002,depth2,23,1401,1472,40,3768320,2802,163840,552250,29568,12241,594059,1401,0.41205441299825907,
semeion,3002,depth3,23,1401,1472,40,3768320,2802,163840,552250,29568,12241,594059,1401,0.4138192259706557,
semeion,3002,depth4,23,1401,1472,40,3768320,2802,163840,552250,29568,12241,594059,1401,0.4164982349611819,
semeion,3002,depth5,23,1401,1472,40,3768320,2802,163840,552250,29568,12241,594059,1401,0.42806972563266754,
semeion,3002,uniform_hierarchy,23,1401,1472,40,3768320,2802,163840,552250,29568,12241,594059,1401,0.42278419015929103,0.05337526276707649
semeion,3002,regrouped_hierarchy,23,1401,1472,40,3768320,2802,163840,552250,29568,12241,594059,1401,0.4191456399857998,4.592024691868573
