dataset,seed,layout,W,deterministic_current_phase_bound,message_carry_bound,prospective_cbd_tail_bound,prospective_total_bound,candidate_q32,fits_q32_under_stated_independence_assumptions,failure_budget_bits_correctness_only,epoch_query_budget,profile_implemented
mushroom,3001,local,1024,14621171925,339739200,1011162134,1350901334,4294475777,True,128,1024,False
mushroom,3001,global,85,1213694229,28201536,291326700,319528236,4294475777,True,128,1024,False
mushroom,3001,raw,126,1799111253,41804352,354695842,396500194,4294475777,True,128,1024,False
mushroom,3001,depth-1,1024,14621171925,339739200,1011162134,1350901334,4294475777,True,128,1024,False
mushroom,3001,depth0,993,14178539541,329454144,995738831,1325192975,4294475777,True,128,1024,False
mushroom,3001,depth1,993,14178539541,329454144,995738831,1325192975,4294475777,True,128,1024,False
mushroom,3001,depth2,965,13778742549,320164416,981599834,1301764250,4294475777,True,128,1024,False
mushroom,3001,depth3,893,12750693141,296276544,944270776,1240547320,4294475777,True,128,1024,False
mushroom,3001,depth4,877,12522237717,290968128,935773228,1226741356,4294475777,True,128,1024,False
mushroom,3001,uniform_hierarchy,877,12522237717,290968128,935773228,1226741356,4294475777,True,128,1024,False
mushroom,3001,regrouped_hierarchy,921,13150490133,305566272,958960314,1264526586,4294475777,True,128,1024,False
mushroom,3002,local,1024,14621171925,339739200,1011162134,1350901334,4294475777,True,128,1024,False
mushroom,3002,global,85,1213694229,28201536,291326700,319528236,4294475777,True,128,1024,False
mushroom,3002,raw,126,1799111253,41804352,354695842,396500194,4294475777,True,128,1024,False
mushroom,3002,depth-1,1024,14621171925,339739200,1011162134,1350901334,4294475777,True,128,1024,False
mushroom,3002,depth0,1024,14621171925,339739200,1011162134,1350901334,4294475777,True,128,1024,False
mushroom,3002,depth1,994,14192818005,329785920,996240084,1326026004,4294475777,True,128,1024,False
mushroom,3002,depth2,966,13793021013,320496192,982108303,1302604495,4294475777,True,128,1024,False
mushroom,3002,depth3,966,13793021013,320496192,982108303,1302604495,4294475777,True,128,1024,False
mushroom,3002,depth4,918,13107654741,304570944,957397216,1261968160,4294475777,True,128,1024,False
mushroom,3002,uniform_hierarchy,918,13107654741,304570944,957397216,1261968160,4294475777,True,128,1024,False
mushroom,3002,regrouped_hierarchy,952,13593122517,315851328,974965602,1290816930,4294475777,True,128,1024,False
semeion,3001,local,1472,21017923797,488374848,1212340808,1700715656,4294475777,True,128,1024,False
semeion,3001,global,256,3655311573,84935232,505581069,590516301,4294475777,True,128,1024,False
semeion,3001,raw,256,3655311573,84935232,505581069,590516301,4294475777,True,128,1024,False
semeion,3001,depth-1,1472,21017923797,488374848,1212340808,1700715656,4294475777,True,128,1024,False
semeion,3001,depth0,1472,21017923797,488374848,1212340808,1700715656,4294475777,True,128,1024,False
semeion,3001,depth1,1472,21017923797,488374848,1212340808,1700715656,4294475777,True,128,1024,False
semeion,3001,depth2,1472,21017923797,488374848,1212340808,1700715656,4294475777,True,128,1024,False
semeion,3001,depth3,1472,21017923797,488374848,1212340808,1700715656,4294475777,True,128,1024,False
semeion,3001,depth4,1472,21017923797,488374848,1212340808,1700715656,4294475777,True,128,1024,False
semeion,3001,depth5,1472,21017923797,488374848,1212340808,1700715656,4294475777,True,128,1024,False
semeion,3001,uniform_hierarchy,1472,21017923797,488374848,1212340808,1700715656,4294475777,True,128,1024,False
semeion,3001,regrouped_hierarchy,1472,21017923797,488374848,1212340808,1700715656,4294475777,True,128,1024,False
semeion,3002,local,1472,21017923797,488374848,1212340808,1700715656,4294475777,True,128,1024,False
semeion,3002,global,256,3655311573,84935232,505581069,590516301,4294475777,True,128,1024,False
semeion,3002,raw,256,3655311573,84935232,505581069,590516301,4294475777,True,128,1024,False
semeion,3002,depth-1,1472,21017923797,488374848,1212340808,1700715656,4294475777,True,128,1024,False
semeion,3002,depth0,1472,21017923797,488374848,1212340808,1700715656,4294475777,True,128,1024,False
semeion,3002,depth1,1472,21017923797,488374848,1212340808,1700715656,4294475777,True,128,1024,False
semeion,3002,depth2,1472,21017923797,488374848,1212340808,1700715656,4294475777,True,128,1024,False
semeion,3002,depth3,1472,21017923797,488374848,1212340808,1700715656,4294475777,True,128,1024,False
semeion,3002,depth4,1472,21017923797,488374848,1212340808,1700715656,4294475777,True,128,1024,False
semeion,3002,depth5,1472,21017923797,488374848,1212340808,1700715656,4294475777,True,128,1024,False
semeion,3002,uniform_hierarchy,1472,21017923797,488374848,1212340808,1700715656,4294475777,True,128,1024,False
semeion,3002,regrouped_hierarchy,1472,21017923797,488374848,1212340808,1700715656,4294475777,True,128,1024,False
