dataset,seed,curve,shared,columns,mask_coordinates,correction_coefficients,q_bits,index_body_bytes,map_plus_checker_body_bytes,query_body_bytes,response_body_bytes
mushroom,3001,overlap_curve,0,32,523,1024,40,5242880,30150,1046,163840
mushroom,3001,overlap_curve,1,32,504,993,40,5242880,29854,1008,163840
mushroom,3001,overlap_curve,2,32,488,962,40,5242880,29202,976,163840
mushroom,3001,overlap_curve,3,32,473,931,40,5242880,28546,946,163840
mushroom,3001,overlap_curve,4,32,459,900,40,5242880,27898,918,163840
mushroom,3001,overlap_curve,5,33,445,901,40,5406720,27890,890,163840
mushroom,3001,overlap_curve,6,33,433,870,40,5406720,27000,866,163840
mushroom,3001,overlap_curve,7,33,425,839,40,5406720,26358,850,163840
mushroom,3001,overlap_curve,8,34,412,840,40,5570560,26352,824,163840
mushroom,3001,overlap_curve,9,34,402,809,40,5570560,25712,804,163840
mushroom,3001,overlap_curve,10,35,389,810,40,5734400,25442,778,163840
mushroom,3001,overlap_curve,11,35,380,779,40,5734400,24798,760,163840
mushroom,3001,overlap_curve,12,35,372,748,40,5734400,24108,744,163840
mushroom,3001,overlap_curve,13,36,359,749,40,5898240,24102,718,163840
mushroom,3001,overlap_curve,14,36,352,718,40,5898240,23444,704,163840
mushroom,3001,overlap_curve,15,37,340,719,40,6062080,23410,680,163840
mushroom,3001,overlap_curve,16,37,333,688,40,6062080,22770,666,163840
mushroom,3001,overlap_curve,17,38,321,689,40,6225920,22646,642,163840
mushroom,3001,overlap_curve,18,38,315,658,40,6225920,22002,630,163840
mushroom,3001,overlap_curve,19,39,304,659,40,6389760,22000,608,163840
mushroom,3001,overlap_curve,20,40,294,660,40,6553600,22000,588,163840
mushroom,3001,overlap_curve,21,40,289,629,40,6553600,21364,578,163840
mushroom,3001,overlap_curve,22,41,279,630,40,6717440,21364,558,163840
mushroom,3001,overlap_curve,23,41,276,599,40,6717440,20738,552,163840
mushroom,3001,overlap_curve,24,42,266,600,40,6881280,20738,532,163840
mushroom,3001,overlap_curve,25,42,261,569,40,6881280,20159,522,163840
mushroom,3001,overlap_curve,26,43,252,570,40,7045120,19915,504,163840
mushroom,3001,overlap_curve,27,43,247,539,40,7045120,19285,494,163840
mushroom,3001,overlap_curve,28,44,240,540,40,7208960,19291,480,163840
mushroom,3001,overlap_curve,29,44,237,509,40,7208960,18569,474,163840
mushroom,3001,overlap_curve,30,45,230,510,40,7372800,18551,460,163840
mushroom,3001,overlap_curve,31,45,228,479,40,7372800,17879,456,163840
mushroom,3001,overlap_curve,32,46,222,480,40,7536640,17863,444,163840
mushroom,3001,overlap_curve,33,46,220,449,40,7536640,17239,440,163840
mushroom,3001,overlap_curve,34,47,214,450,40,7700480,17247,428,163840
mushroom,3001,overlap_curve,35,47,212,419,40,7700480,16623,424,163840
mushroom,3001,overlap_curve,36,48,206,420,40,7864320,16595,412,163840
mushroom,3001,overlap_curve,37,49,200,421,40,8028160,16603,400,163840
mushroom,3001,overlap_curve,38,50,195,422,40,8192000,16577,390,163840
mushroom,3001,overlap_curve,39,51,190,423,40,8355840,16587,380,163840
mushroom,3001,overlap_curve,40,52,185,424,40,8519680,16555,370,163840
mushroom,3001,overlap_curve,41,53,180,425,40,8683520,16565,360,163840
mushroom,3001,overlap_curve,42,54,175,426,40,8847360,16575,350,163840
mushroom,3001,overlap_curve,43,55,171,427,40,9011200,16569,342,163840
mushroom,3001,overlap_curve,44,55,169,396,40,9011200,15963,338,163840
mushroom,3001,overlap_curve,45,56,165,397,40,9175040,15963,330,163840
mushroom,3001,overlap_curve,46,57,160,398,40,9338880,15943,320,163840
mushroom,3001,overlap_curve,47,57,158,367,40,9338880,15265,316,163840
mushroom,3001,overlap_curve,48,58,154,368,40,9502720,15271,308,163840
mushroom,3001,overlap_curve,49,58,152,337,40,9502720,14641,304,163840
mushroom,3001,overlap_curve,50,59,149,338,40,9666560,14655,298,163840
mushroom,3001,overlap_curve,51,60,146,339,40,9830400,14663,292,163840
mushroom,3001,overlap_curve,52,60,144,308,40,9830400,14039,288,163840
mushroom,3001,overlap_curve,53,61,141,309,40,9994240,14218,282,163840
mushroom,3001,overlap_curve,54,62,138,310,40,10158080,14214,276,163840
mushroom,3001,overlap_curve,55,63,136,311,40,10321920,14224,272,163840
mushroom,3001,overlap_curve,56,64,134,312,40,10485760,14216,268,163840
mushroom,3001,overlap_curve,57,65,132,313,40,10649600,14232,264,163840
mushroom,3001,overlap_curve,58,65,131,282,40,10649600,13610,262,163840
mushroom,3001,overlap_curve,59,66,129,283,40,10813440,13626,258,163840
mushroom,3001,overlap_curve,60,66,128,252,40,10813440,12968,256,163840
mushroom,3001,overlap_curve,61,67,126,253,40,10977280,12951,252,163840
mushroom,3001,overlap_curve,62,67,125,222,40,10977280,12329,250,163840
mushroom,3001,overlap_curve,63,68,122,223,40,11141120,12085,244,163840
mushroom,3001,overlap_curve,64,69,118,224,40,11304960,12097,236,163840
mushroom,3001,overlap_curve,65,70,115,225,40,11468800,12102,230,163840
mushroom,3001,overlap_curve,66,71,111,226,40,11632640,12174,222,163840
mushroom,3001,overlap_curve,67,72,108,227,40,11796480,11921,216,163840
mushroom,3001,overlap_curve,68,73,106,228,40,11960320,11724,212,163840
mushroom,3001,overlap_curve,69,74,104,229,40,12124160,11791,208,163840
mushroom,3001,overlap_curve,70,75,102,230,40,12288000,11789,204,163840
mushroom,3001,overlap_curve,71,75,100,199,40,12288000,11153,200,163840
mushroom,3001,overlap_curve,72,76,97,200,40,12451840,10924,194,163840
mushroom,3001,overlap_curve,73,77,95,201,40,12615680,10814,190,163840
mushroom,3001,overlap_curve,74,77,93,170,40,12615680,10112,186,163840
mushroom,3001,overlap_curve,75,78,91,171,40,12779520,10131,182,163840
mushroom,3001,overlap_curve,76,79,90,172,40,12943360,10146,180,163840
mushroom,3001,overlap_curve,77,79,89,141,32,10354688,9556,178,131072
mushroom,3001,overlap_curve,78,80,88,142,32,10485760,9574,176,131072
mushroom,3001,overlap_curve,79,81,87,143,32,10616832,9454,174,131072
mushroom,3001,overlap_curve,80,82,86,144,32,10747904,9424,172,131072
mushroom,3001,overlap_curve,81,83,85,145,32,10878976,9397,170,131072
mushroom,3001,overlap_curve,82,83,85,114,32,10878976,8771,170,131072
mushroom,3001,overlap_curve,83,84,85,115,32,11010048,8767,170,131072
mushroom,3001,overlap_curve,84,85,85,116,32,11141120,8775,170,131072
mushroom,3001,overlap_curve,85,85,85,85,32,11141120,8218,170,131072
mushroom,3001,raw_coordinate_curve,0,32,523,1024,40,5242880,30150,1046,163840
mushroom,3001,raw_coordinate_curve,1,33,524,1025,40,5406720,30429,1048,163840
mushroom,3001,raw_coordinate_curve,2,34,521,1026,40,5570560,30359,1042,163840
mushroom,3001,raw_coordinate_curve,3,35,514,1027,40,5734400,30335,1028,163840
mushroom,3001,raw_coordinate_curve,4,36,509,1028,40,5898240,30336,1018,163840
mushroom,3001,raw_coordinate_curve,5,37,505,1029,40,6062080,30336,1010,163840
mushroom,3001,raw_coordinate_curve,6,38,503,1030,40,6225920,30328,1006,163840
mushroom,3001,raw_coordinate_curve,7,39,504,1031,40,6389760,30323,1008,163840
mushroom,3001,raw_coordinate_curve,8,40,505,1032,40,6553600,30207,1010,163840
mushroom,3001,raw_coordinate_curve,9,40,493,1001,40,6553600,29563,986,163840
mushroom,3001,raw_coordinate_curve,10,41,487,1002,40,6717440,29559,974,163840
mushroom,3001,raw_coordinate_curve,11,42,483,1003,40,6881280,29577,966,163840
mushroom,3001,raw_coordinate_curve,12,43,481,1004,40,7045120,29566,962,163840
mushroom,3001,raw_coordinate_curve,13,44,479,1005,40,7208960,29585,958,163840
mushroom,3001,raw_coordinate_curve,14,45,480,1006,40,7372800,29562,960,163840
mushroom,3001,raw_coordinate_curve,15,46,479,1007,40,7536640,29583,958,163840
mushroom,3001,raw_coordinate_curve,16,47,478,1008,40,7700480,29598,956,163840
mushroom,3001,raw_coordinate_curve,17,48,478,1009,40,7864320,29504,956,163840
mushroom,3001,raw_coordinate_curve,18,48,468,978,40,7864320,28885,936,163840
mushroom,3001,raw_coordinate_curve,19,48,465,947,40,7864320,28268,930,163840
mushroom,3001,raw_coordinate_curve,20,49,466,948,40,8028160,28158,932,163840
mushroom,3001,raw_coordinate_curve,21,50,465,949,40,8192000,28143,930,163840
mushroom,3001,raw_coordinate_curve,22,51,466,950,40,8355840,28078,932,163840
mushroom,3001,raw_coordinate_curve,23,52,467,951,40,8519680,28097,934,163840
mushroom,3001,raw_coordinate_curve,24,53,468,952,40,8683520,28116,936,163840
mushroom,3001,raw_coordinate_curve,25,54,469,953,40,8847360,28021,938,163840
mushroom,3001,raw_coordinate_curve,26,55,470,954,40,9011200,28031,940,163840
mushroom,3001,raw_coordinate_curve,27,56,471,955,40,9175040,28005,942,163840
mushroom,3001,raw_coordinate_curve,28,57,472,956,40,9338880,27982,944,163840
mushroom,3001,raw_coordinate_curve,29,58,473,957,40,9502720,27875,946,163840
mushroom,3001,raw_coordinate_curve,30,59,474,958,40,9666560,27894,948,163840
mushroom,3001,raw_coordinate_curve,31,60,475,959,40,9830400,27823,950,163840
mushroom,3001,raw_coordinate_curve,32,61,476,960,40,9994240,27755,952,163840
mushroom,3001,raw_coordinate_curve,33,62,477,961,40,10158080,27765,954,163840
mushroom,3001,raw_coordinate_curve,34,63,478,962,40,10321920,27769,956,163840
mushroom,3001,raw_coordinate_curve,35,64,479,963,40,10485760,27773,958,163840
mushroom,3001,raw_coordinate_curve,36,65,480,964,40,10649600,27756,960,163840
mushroom,3001,raw_coordinate_curve,37,66,478,965,40,10813440,27775,956,163840
mushroom,3001,raw_coordinate_curve,38,67,479,966,40,10977280,27794,958,163840
mushroom,3001,raw_coordinate_curve,39,68,480,967,40,11141120,27813,960,163840
mushroom,3001,raw_coordinate_curve,40,69,481,968,40,11304960,27805,962,163840
mushroom,3001,raw_coordinate_curve,41,70,481,969,40,11468800,27744,962,163840
mushroom,3001,raw_coordinate_curve,42,70,476,938,40,11468800,27063,952,163840
mushroom,3001,raw_coordinate_curve,43,70,472,907,40,11468800,26444,944,163840
mushroom,3001,raw_coordinate_curve,44,71,464,908,40,11632640,26406,928,163840
mushroom,3001,raw_coordinate_curve,45,71,462,877,40,11632640,25788,924,163840
mushroom,3001,raw_coordinate_curve,46,72,457,878,40,11796480,25813,914,163840
mushroom,3001,raw_coordinate_curve,47,73,458,879,40,11960320,25802,916,163840
mushroom,3001,raw_coordinate_curve,48,74,459,880,40,12124160,25812,918,163840
mushroom,3001,raw_coordinate_curve,49,75,460,881,40,12288000,25816,920,163840
mushroom,3001,raw_coordinate_curve,50,76,461,882,40,12451840,25730,922,163840
mushroom,3001,raw_coordinate_curve,51,76,454,851,40,12451840,25081,908,163840
mushroom,3001,raw_coordinate_curve,52,76,448,820,40,12451840,24467,896,163840
mushroom,3001,raw_coordinate_curve,53,77,443,821,40,12615680,24492,886,163840
mushroom,3001,raw_coordinate_curve,54,78,438,822,40,12779520,24517,876,163840
mushroom,3001,raw_coordinate_curve,55,79,437,823,40,12943360,24532,874,163840
mushroom,3001,raw_coordinate_curve,56,80,438,824,40,13107200,24521,876,163840
mushroom,3001,raw_coordinate_curve,57,81,439,825,40,13271040,24531,878,163840
mushroom,3001,raw_coordinate_curve,58,82,440,826,40,13434880,24382,880,163840
mushroom,3001,raw_coordinate_curve,59,83,433,827,40,13598720,24397,866,163840
mushroom,3001,raw_coordinate_curve,60,84,427,828,40,13762560,24390,854,163840
mushroom,3001,raw_coordinate_curve,61,85,428,829,40,13926400,24319,856,163840
mushroom,3001,raw_coordinate_curve,62,86,429,830,40,14090240,24275,858,163840
mushroom,3001,raw_coordinate_curve,63,87,423,831,40,14254080,24292,846,163840
mushroom,3001,raw_coordinate_curve,64,88,417,832,40,14417920,24318,834,163840
mushroom,3001,raw_coordinate_curve,65,89,418,833,40,14581760,24319,836,163840
mushroom,3001,raw_coordinate_curve,66,90,419,834,40,14745600,24227,838,163840
mushroom,3001,raw_coordinate_curve,67,91,419,835,40,14909440,24184,838,163840
mushroom,3001,raw_coordinate_curve,68,92,420,836,40,15073280,24152,840,163840
mushroom,3001,raw_coordinate_curve,69,93,416,837,40,15237120,24149,832,163840
mushroom,3001,raw_coordinate_curve,70,94,417,838,40,15400960,24168,834,163840
mushroom,3001,raw_coordinate_curve,71,95,418,839,40,15564800,24187,836,163840
mushroom,3001,raw_coordinate_curve,72,96,419,840,40,15728640,24086,838,163840
mushroom,3001,raw_coordinate_curve,73,97,420,841,40,15892480,24021,840,163840
mushroom,3001,raw_coordinate_curve,74,97,417,810,40,15892480,23332,834,163840
mushroom,3001,raw_coordinate_curve,75,98,418,811,40,16056320,23282,836,163840
mushroom,3001,raw_coordinate_curve,76,99,415,812,40,16220160,23065,830,163840
mushroom,3001,raw_coordinate_curve,77,99,399,781,40,16220160,22437,798,163840
mushroom,3001,raw_coordinate_curve,78,99,385,750,40,16220160,21831,770,163840
mushroom,3001,raw_coordinate_curve,79,99,371,719,40,16220160,21219,742,163840
mushroom,3001,raw_coordinate_curve,80,99,361,688,40,16220160,20609,722,163840
mushroom,3001,raw_coordinate_curve,81,99,351,657,40,16220160,19999,702,163840
mushroom,3001,raw_coordinate_curve,82,99,348,626,40,16220160,19382,696,163840
mushroom,3001,raw_coordinate_curve,83,100,337,627,40,16384000,19413,674,163840
mushroom,3001,raw_coordinate_curve,84,101,333,628,40,16547840,19437,666,163840
mushroom,3001,raw_coordinate_curve,85,101,330,597,40,16547840,18820,660,163840
mushroom,3001,raw_coordinate_curve,86,102,331,598,40,16711680,18794,662,163840
mushroom,3001,raw_coordinate_curve,87,103,332,599,40,16875520,18687,664,163840
mushroom,3001,raw_coordinate_curve,88,104,330,600,40,17039360,18592,660,163840
mushroom,3001,raw_coordinate_curve,89,105,331,601,40,17203200,18611,662,163840
mushroom,3001,raw_coordinate_curve,90,106,332,602,40,17367040,18564,664,163840
mushroom,3001,raw_coordinate_curve,91,107,328,603,40,17530880,18537,656,163840
mushroom,3001,raw_coordinate_curve,92,108,329,604,40,17694720,18556,658,163840
mushroom,3001,raw_coordinate_curve,93,109,330,605,40,17858560,18560,660,163840
mushroom,3001,raw_coordinate_curve,94,110,328,606,40,18022400,18576,656,163840
mushroom,3001,raw_coordinate_curve,95,111,329,607,40,18186240,18595,658,163840
mushroom,3001,raw_coordinate_curve,96,112,330,608,40,18350080,18557,660,163840
mushroom,3001,raw_coordinate_curve,97,113,325,609,40,18513920,18543,650,163840
mushroom,3001,raw_coordinate_curve,98,114,319,610,40,18677760,18509,638,163840
mushroom,3001,raw_coordinate_curve,99,114,312,579,40,18677760,17881,624,163840
mushroom,3001,raw_coordinate_curve,100,114,303,548,40,18677760,17270,606,163840
mushroom,3001,raw_coordinate_curve,101,114,299,517,40,18677760,16648,598,163840
mushroom,3001,raw_coordinate_curve,102,115,294,518,40,18841600,16673,588,163840
mushroom,3001,raw_coordinate_curve,103,116,289,519,40,19005440,16698,578,163840
mushroom,3001,raw_coordinate_curve,104,117,289,520,40,19169280,16712,578,163840
mushroom,3001,raw_coordinate_curve,105,118,290,521,40,19333120,16677,580,163840
mushroom,3001,raw_coordinate_curve,106,118,279,490,40,19333120,16050,558,163840
mushroom,3001,raw_coordinate_curve,107,119,280,491,40,19496960,15829,560,163840
mushroom,3001,raw_coordinate_curve,108,119,264,460,40,19496960,15186,528,163840
mushroom,3001,raw_coordinate_curve,109,119,249,429,40,19496960,14581,498,163840
mushroom,3001,raw_coordinate_curve,110,119,236,398,40,19496960,13974,472,163840
mushroom,3001,raw_coordinate_curve,111,120,223,399,40,19660800,14007,446,163840
mushroom,3001,raw_coordinate_curve,112,120,213,368,40,19660800,13397,426,163840
mushroom,3001,raw_coordinate_curve,113,120,207,337,40,19660800,12783,414,163840
mushroom,3001,raw_coordinate_curve,114,121,199,338,40,19824640,12811,398,163840
mushroom,3001,raw_coordinate_curve,115,122,197,339,40,19988480,12833,394,163840
mushroom,3001,raw_coordinate_curve,116,123,196,340,40,20152320,12854,392,163840
mushroom,3001,raw_coordinate_curve,117,124,197,341,40,20316160,12774,394,163840
mushroom,3001,raw_coordinate_curve,118,124,180,310,40,20316160,12168,360,163840
mushroom,3001,raw_coordinate_curve,119,124,167,279,40,20316160,11561,334,163840
mushroom,3001,raw_coordinate_curve,120,124,166,248,40,20316160,10942,332,163840
mushroom,3001,raw_coordinate_curve,121,125,167,249,40,20480000,10937,334,163840
mushroom,3001,raw_coordinate_curve,122,126,165,250,40,20643840,10845,330,163840
mushroom,3001,raw_coordinate_curve,123,126,146,219,40,20643840,10244,292,163840
mushroom,3001,raw_coordinate_curve,124,126,136,188,40,20643840,9634,272,163840
mushroom,3001,raw_coordinate_curve,125,126,127,157,40,20643840,9023,254,163840
mushroom,3001,raw_coordinate_curve,126,126,126,126,32,16515072,8436,252,131072
mushroom,3001,global,0,85,85,85,32,11141120,2612,170,131072
mushroom,3001,raw,0,126,126,126,32,16515072,2680,252,131072
mushroom,3002,overlap_curve,0,32,596,1024,40,5242880,31994,1192,163840
mushroom,3002,overlap_curve,1,32,577,993,40,5242880,31714,1154,163840
mushroom,3002,overlap_curve,2,32,559,962,40,5242880,31052,1118,163840
mushroom,3002,overlap_curve,3,32,542,931,40,5242880,30398,1084,163840
mushroom,3002,overlap_curve,4,32,526,900,40,5242880,29710,1052,163840
mushroom,3002,overlap_curve,5,32,511,869,40,5242880,29060,1022,163840
mushroom,3002,overlap_curve,6,32,500,838,40,5242880,28130,1000,163840
mushroom,3002,overlap_curve,7,33,481,839,40,5406720,28112,962,163840
mushroom,3002,overlap_curve,8,33,464,808,40,5406720,27269,928,163840
mushroom,3002,overlap_curve,9,33,454,777,40,5406720,26431,908,163840
mushroom,3002,overlap_curve,10,34,438,778,40,5570560,26359,876,163840
mushroom,3002,overlap_curve,11,34,423,747,40,5570560,25709,846,163840
mushroom,3002,overlap_curve,12,35,409,748,40,5734400,25701,818,163840
mushroom,3002,overlap_curve,13,35,396,717,40,5734400,25016,792,163840
mushroom,3002,overlap_curve,14,36,382,718,40,5898240,24879,764,163840
mushroom,3002,overlap_curve,15,36,369,687,40,5898240,24299,738,163840
mushroom,3002,overlap_curve,16,37,354,688,40,6062080,24166,708,163840
mushroom,3002,overlap_curve,17,37,343,657,40,6062080,23524,686,163840
mushroom,3002,overlap_curve,18,37,333,626,40,6062080,22884,666,163840
mushroom,3002,overlap_curve,19,38,320,627,40,6225920,22767,640,163840
mushroom,3002,overlap_curve,20,38,314,596,40,6225920,22123,628,163840
mushroom,3002,overlap_curve,21,39,303,597,40,6389760,22121,606,163840
mushroom,3002,overlap_curve,22,39,297,566,40,6389760,21489,594,163840
mushroom,3002,overlap_curve,23,40,286,567,40,6553600,21487,572,163840
mushroom,3002,overlap_curve,24,40,282,536,40,6553600,20859,564,163840
mushroom,3002,overlap_curve,25,41,272,537,40,6717440,20859,544,163840
mushroom,3002,overlap_curve,26,42,263,538,40,6881280,20855,526,163840
mushroom,3002,overlap_curve,27,42,261,507,40,6881280,20231,522,163840
mushroom,3002,overlap_curve,28,43,252,508,40,7045120,20233,504,163840
mushroom,3002,overlap_curve,29,43,250,477,40,7045120,19609,500,163840
mushroom,3002,overlap_curve,30,44,243,478,40,7208960,19579,486,163840
mushroom,3002,overlap_curve,31,44,241,447,40,7208960,18949,482,163840
mushroom,3002,overlap_curve,32,45,235,448,40,7372800,18930,470,163840
mushroom,3002,overlap_curve,33,46,229,449,40,7536640,18938,458,163840
mushroom,3002,overlap_curve,34,47,223,450,40,7700480,18904,446,163840
mushroom,3002,overlap_curve,35,48,217,451,40,7864320,18912,434,163840
mushroom,3002,overlap_curve,36,49,211,452,40,8028160,18914,422,163840
mushroom,3002,overlap_curve,37,50,205,453,40,8192000,18904,410,163840
mushroom,3002,overlap_curve,38,51,199,454,40,8355840,18906,398,163840
mushroom,3002,overlap_curve,39,51,194,423,40,8355840,18237,388,163840
mushroom,3002,overlap_curve,40,52,188,424,40,8519680,18137,376,163840
mushroom,3002,overlap_curve,41,52,183,393,40,8519680,17450,366,163840
mushroom,3002,overlap_curve,42,53,179,394,40,8683520,17330,358,163840
mushroom,3002,overlap_curve,43,53,175,363,40,8683520,16396,350,163840
mushroom,3002,overlap_curve,44,54,170,364,40,8847360,16466,340,163840
mushroom,3002,overlap_curve,45,55,166,365,40,9011200,16400,332,163840
mushroom,3002,overlap_curve,46,56,162,366,40,9175040,16346,324,163840
mushroom,3002,overlap_curve,47,57,159,367,40,9338880,16360,318,163840
mushroom,3002,overlap_curve,48,57,158,336,40,9338880,15684,316,163840
mushroom,3002,overlap_curve,49,58,154,337,40,9502720,15504,308,163840
mushroom,3002,overlap_curve,50,58,152,306,40,9502720,14829,304,163840
mushroom,3002,overlap_curve,51,59,148,307,40,9666560,14778,296,163840
mushroom,3002,overlap_curve,52,60,145,308,40,9830400,14792,290,163840
mushroom,3002,overlap_curve,53,61,142,309,40,9994240,14857,284,163840
mushroom,3002,overlap_curve,54,61,141,278,40,9994240,14235,282,163840
mushroom,3002,overlap_curve,55,62,138,279,40,10158080,14249,276,163840
mushroom,3002,overlap_curve,56,63,135,280,40,10321920,14320,270,163840
mushroom,3002,overlap_curve,57,64,132,281,40,10485760,14337,264,163840
mushroom,3002,overlap_curve,58,65,129,282,40,10649600,14276,258,163840
mushroom,3002,overlap_curve,59,65,128,251,40,10649600,13654,256,163840
mushroom,3002,overlap_curve,60,66,126,252,40,10813440,13628,252,163840
mushroom,3002,overlap_curve,61,67,124,253,40,10977280,13644,248,163840
mushroom,3002,overlap_curve,62,68,122,254,40,11141120,13636,244,163840
mushroom,3002,overlap_curve,63,69,120,255,40,11304960,13652,240,163840
mushroom,3002,overlap_curve,64,69,119,224,40,11304960,13030,238,163840
mushroom,3002,overlap_curve,65,70,117,225,40,11468800,12884,234,163840
mushroom,3002,overlap_curve,66,71,114,226,40,11632640,13090,228,163840
mushroom,3002,overlap_curve,67,72,112,227,40,11796480,13013,224,163840
mushroom,3002,overlap_curve,68,73,110,228,40,11960320,13029,220,163840
mushroom,3002,overlap_curve,69,73,109,197,40,11960320,12407,218,163840
mushroom,3002,overlap_curve,70,74,107,198,40,12124160,12321,214,163840
mushroom,3002,overlap_curve,71,75,104,199,40,12288000,12278,208,163840
mushroom,3002,overlap_curve,72,76,101,200,40,12451840,12184,202,163840
mushroom,3002,overlap_curve,73,77,98,201,40,12615680,12105,196,163840
mushroom,3002,overlap_curve,74,77,96,170,40,12615680,11481,192,163840
mushroom,3002,overlap_curve,75,78,94,171,40,12779520,11398,188,163840
mushroom,3002,overlap_curve,76,78,93,140,32,10223616,10796,186,131072
mushroom,3002,overlap_curve,77,79,91,141,32,10354688,10806,182,131072
mushroom,3002,overlap_curve,78,80,90,142,32,10485760,10824,180,131072
mushroom,3002,overlap_curve,79,81,89,143,32,10616832,10830,178,131072
mushroom,3002,overlap_curve,80,82,88,144,32,10747904,10668,176,131072
mushroom,3002,overlap_curve,81,82,87,113,32,10747904,9983,174,131072
mushroom,3002,overlap_curve,82,83,86,114,32,10878976,9971,172,131072
mushroom,3002,overlap_curve,83,84,85,115,32,11010048,9947,170,131072
mushroom,3002,overlap_curve,84,85,85,116,32,11141120,9895,170,131072
mushroom,3002,overlap_curve,85,85,85,85,32,11141120,9338,170,131072
mushroom,3002,raw_coordinate_curve,0,32,596,1024,40,5242880,31994,1192,163840
mushroom,3002,raw_coordinate_curve,1,33,597,1025,40,5406720,32238,1194,163840
mushroom,3002,raw_coordinate_curve,2,34,593,1026,40,5570560,32193,1186,163840
mushroom,3002,raw_coordinate_curve,3,35,587,1027,40,5734400,32099,1174,163840
mushroom,3002,raw_coordinate_curve,4,35,578,996,40,5734400,31464,1156,163840
mushroom,3002,raw_coordinate_curve,5,36,572,997,40,5898240,31481,1144,163840
mushroom,3002,raw_coordinate_curve,6,37,570,998,40,6062080,31449,1140,163840
mushroom,3002,raw_coordinate_curve,7,38,571,999,40,6225920,31447,1142,163840
mushroom,3002,raw_coordinate_curve,8,39,572,1000,40,6389760,31295,1144,163840
mushroom,3002,raw_coordinate_curve,9,39,555,969,40,6389760,30689,1110,163840
mushroom,3002,raw_coordinate_curve,10,39,548,938,40,6389760,30031,1096,163840
mushroom,3002,raw_coordinate_curve,11,40,542,939,40,6553600,30057,1084,163840
mushroom,3002,raw_coordinate_curve,12,41,540,940,40,6717440,30079,1080,163840
mushroom,3002,raw_coordinate_curve,13,42,539,941,40,6881280,30055,1078,163840
mushroom,3002,raw_coordinate_curve,14,43,540,942,40,7045120,30032,1080,163840
mushroom,3002,raw_coordinate_curve,15,44,539,943,40,7208960,30053,1078,163840
mushroom,3002,raw_coordinate_curve,16,45,538,944,40,7372800,30074,1076,163840
mushroom,3002,raw_coordinate_curve,17,46,537,945,40,7536640,30008,1074,163840
mushroom,3002,raw_coordinate_curve,18,47,527,946,40,7700480,29972,1054,163840
mushroom,3002,raw_coordinate_curve,19,48,526,947,40,7864320,29963,1052,163840
mushroom,3002,raw_coordinate_curve,20,49,527,948,40,8028160,29883,1054,163840
mushroom,3002,raw_coordinate_curve,21,50,527,949,40,8192000,29858,1054,163840
mushroom,3002,raw_coordinate_curve,22,51,528,950,40,8355840,29793,1056,163840
mushroom,3002,raw_coordinate_curve,23,52,529,951,40,8519680,29812,1058,163840
mushroom,3002,raw_coordinate_curve,24,53,530,952,40,8683520,29831,1060,163840
mushroom,3002,raw_coordinate_curve,25,54,531,953,40,8847360,29769,1062,163840
mushroom,3002,raw_coordinate_curve,26,55,532,954,40,9011200,29764,1064,163840
mushroom,3002,raw_coordinate_curve,27,56,533,955,40,9175040,29756,1066,163840
mushroom,3002,raw_coordinate_curve,28,57,534,956,40,9338880,29739,1068,163840
mushroom,3002,raw_coordinate_curve,29,58,535,957,40,9502720,29686,1070,163840
mushroom,3002,raw_coordinate_curve,30,59,536,958,40,9666560,29705,1072,163840
mushroom,3002,raw_coordinate_curve,31,60,537,959,40,9830400,29628,1074,163840
mushroom,3002,raw_coordinate_curve,32,61,538,960,40,9994240,29539,1076,163840
mushroom,3002,raw_coordinate_curve,33,62,539,961,40,10158080,29534,1078,163840
mushroom,3002,raw_coordinate_curve,34,63,540,962,40,10321920,29538,1080,163840
mushroom,3002,raw_coordinate_curve,35,64,541,963,40,10485760,29518,1082,163840
mushroom,3002,raw_coordinate_curve,36,65,542,964,40,10649600,29507,1084,163840
mushroom,3002,raw_coordinate_curve,37,66,541,965,40,10813440,29528,1082,163840
mushroom,3002,raw_coordinate_curve,38,67,542,966,40,10977280,29547,1084,163840
mushroom,3002,raw_coordinate_curve,39,68,543,967,40,11141120,29566,1086,163840
mushroom,3002,raw_coordinate_curve,40,69,544,968,40,11304960,29528,1088,163840
mushroom,3002,raw_coordinate_curve,41,70,542,969,40,11468800,29466,1084,163840
mushroom,3002,raw_coordinate_curve,42,71,536,970,40,11632640,29417,1072,163840
mushroom,3002,raw_coordinate_curve,43,72,524,971,40,11796480,29380,1048,163840
mushroom,3002,raw_coordinate_curve,44,72,513,940,40,11796480,28771,1026,163840
mushroom,3002,raw_coordinate_curve,45,73,507,941,40,11960320,28797,1014,163840
mushroom,3002,raw_coordinate_curve,46,74,505,942,40,12124160,28819,1010,163840
mushroom,3002,raw_coordinate_curve,47,75,506,943,40,12288000,28814,1012,163840
mushroom,3002,raw_coordinate_curve,48,76,507,944,40,12451840,28809,1014,163840
mushroom,3002,raw_coordinate_curve,49,77,508,945,40,12615680,28813,1016,163840
mushroom,3002,raw_coordinate_curve,50,78,509,946,40,12779520,28676,1018,163840
mushroom,3002,raw_coordinate_curve,51,78,495,915,40,12779520,28022,990,163840
mushroom,3002,raw_coordinate_curve,52,78,484,884,40,12779520,27413,968,163840
mushroom,3002,raw_coordinate_curve,53,79,478,885,40,12943360,27439,956,163840
mushroom,3002,raw_coordinate_curve,54,80,472,886,40,13107200,27462,944,163840
mushroom,3002,raw_coordinate_curve,55,81,470,887,40,13271040,27484,940,163840
mushroom,3002,raw_coordinate_curve,56,82,471,888,40,13434880,27479,942,163840
mushroom,3002,raw_coordinate_curve,57,83,472,889,40,13598720,27474,944,163840
mushroom,3002,raw_coordinate_curve,58,84,473,890,40,13762560,27337,946,163840
mushroom,3002,raw_coordinate_curve,59,85,467,891,40,13926400,27330,934,163840
mushroom,3002,raw_coordinate_curve,60,86,462,892,40,14090240,27331,924,163840
mushroom,3002,raw_coordinate_curve,61,87,463,893,40,14254080,27242,926,163840
mushroom,3002,raw_coordinate_curve,62,88,464,894,40,14417920,27165,928,163840
mushroom,3002,raw_coordinate_curve,63,88,458,863,40,14417920,26545,916,163840
mushroom,3002,raw_coordinate_curve,64,89,453,864,40,14581760,26525,906,163840
mushroom,3002,raw_coordinate_curve,65,90,454,865,40,14745600,26520,908,163840
mushroom,3002,raw_coordinate_curve,66,91,455,866,40,14909440,26467,910,163840
mushroom,3002,raw_coordinate_curve,67,92,456,867,40,15073280,26435,912,163840
mushroom,3002,raw_coordinate_curve,68,93,455,868,40,15237120,26381,910,163840
mushroom,3002,raw_coordinate_curve,69,94,456,869,40,15400960,26400,912,163840
mushroom,3002,raw_coordinate_curve,70,95,457,870,40,15564800,26263,914,163840
mushroom,3002,raw_coordinate_curve,71,96,458,871,40,15728640,26282,916,163840
mushroom,3002,raw_coordinate_curve,72,97,459,872,40,15892480,26178,918,163840
mushroom,3002,raw_coordinate_curve,73,98,460,873,40,16056320,26080,920,163840
mushroom,3002,raw_coordinate_curve,74,99,456,874,40,16220160,26002,912,163840
mushroom,3002,raw_coordinate_curve,75,100,457,875,40,16384000,25940,914,163840
mushroom,3002,raw_coordinate_curve,76,101,454,876,40,16547840,25723,908,163840
mushroom,3002,raw_coordinate_curve,77,101,437,845,40,16547840,25069,874,163840
mushroom,3002,raw_coordinate_curve,78,101,419,814,40,16547840,24431,838,163840
mushroom,3002,raw_coordinate_curve,79,101,400,783,40,16547840,23830,800,163840
mushroom,3002,raw_coordinate_curve,80,101,385,752,40,16547840,23225,770,163840
mushroom,3002,raw_coordinate_curve,81,101,371,721,40,16547840,22619,742,163840
mushroom,3002,raw_coordinate_curve,82,101,362,690,40,16547840,22008,724,163840
mushroom,3002,raw_coordinate_curve,83,102,360,691,40,16711680,22024,720,163840
mushroom,3002,raw_coordinate_curve,84,103,358,692,40,16875520,22046,716,163840
mushroom,3002,raw_coordinate_curve,85,104,357,693,40,17039360,22067,714,163840
mushroom,3002,raw_coordinate_curve,86,105,358,694,40,17203200,22056,716,163840
mushroom,3002,raw_coordinate_curve,87,106,359,695,40,17367040,21901,718,163840
mushroom,3002,raw_coordinate_curve,88,106,356,664,40,17367040,21122,712,163840
mushroom,3002,raw_coordinate_curve,89,107,357,665,40,17530880,21141,714,163840
mushroom,3002,raw_coordinate_curve,90,108,358,666,40,17694720,21118,716,163840
mushroom,3002,raw_coordinate_curve,91,108,351,635,40,17694720,20487,702,163840
mushroom,3002,raw_coordinate_curve,92,109,352,636,40,17858560,20506,704,163840
mushroom,3002,raw_coordinate_curve,93,110,353,637,40,18022400,20495,706,163840
mushroom,3002,raw_coordinate_curve,94,111,352,638,40,18186240,20492,704,163840
mushroom,3002,raw_coordinate_curve,95,112,353,639,40,18350080,20511,706,163840
mushroom,3002,raw_coordinate_curve,96,113,354,640,40,18513920,20494,708,163840
mushroom,3002,raw_coordinate_curve,97,114,351,641,40,18677760,20409,702,163840
mushroom,3002,raw_coordinate_curve,98,114,343,610,40,18677760,19722,686,163840
mushroom,3002,raw_coordinate_curve,99,114,338,579,40,18677760,19086,676,163840
mushroom,3002,raw_coordinate_curve,100,114,333,548,40,18677760,18465,666,163840
mushroom,3002,raw_coordinate_curve,101,115,327,549,40,18841600,18452,654,163840
mushroom,3002,raw_coordinate_curve,102,116,323,550,40,19005440,18476,646,163840
mushroom,3002,raw_coordinate_curve,103,117,319,551,40,19169280,18497,638,163840
mushroom,3002,raw_coordinate_curve,104,118,318,552,40,19333120,18518,636,163840
mushroom,3002,raw_coordinate_curve,105,119,319,553,40,19496960,18489,638,163840
mushroom,3002,raw_coordinate_curve,106,119,307,522,40,19496960,17872,614,163840
mushroom,3002,raw_coordinate_curve,107,120,308,523,40,19660800,17681,616,163840
mushroom,3002,raw_coordinate_curve,108,121,294,524,40,19824640,17613,588,163840
mushroom,3002,raw_coordinate_curve,109,121,274,493,40,19824640,16998,548,163840
mushroom,3002,raw_coordinate_curve,110,121,257,462,40,19824640,16395,514,163840
mushroom,3002,raw_coordinate_curve,111,121,242,431,40,19824640,15790,484,163840
mushroom,3002,raw_coordinate_curve,112,121,231,400,40,19824640,15181,462,163840
mushroom,3002,raw_coordinate_curve,113,121,221,369,40,19824640,14571,442,163840
mushroom,3002,raw_coordinate_curve,114,122,217,370,40,19988480,14595,434,163840
mushroom,3002,raw_coordinate_curve,115,122,213,339,40,19988480,13979,426,163840
mushroom,3002,raw_coordinate_curve,116,123,210,340,40,20152320,14002,420,163840
mushroom,3002,raw_coordinate_curve,117,124,211,341,40,20316160,13907,422,163840
mushroom,3002,raw_coordinate_curve,118,124,194,310,40,20316160,13298,388,163840
mushroom,3002,raw_coordinate_curve,119,124,176,279,40,20316160,12696,352,163840
mushroom,3002,raw_coordinate_curve,120,124,174,248,40,20316160,12078,348,163840
mushroom,3002,raw_coordinate_curve,121,125,175,249,40,20480000,12058,350,163840
mushroom,3002,raw_coordinate_curve,122,126,172,250,40,20643840,11958,344,163840
mushroom,3002,raw_coordinate_curve,123,126,153,219,40,20643840,11357,306,163840
mushroom,3002,raw_coordinate_curve,124,126,139,188,40,20643840,10751,278,163840
mushroom,3002,raw_coordinate_curve,125,126,128,157,40,20643840,10142,256,163840
mushroom,3002,raw_coordinate_curve,126,126,126,126,32,16515072,9556,252,131072
mushroom,3002,global,0,85,85,85,32,11141120,2612,170,131072
mushroom,3002,raw,0,126,126,126,32,16515072,2680,252,131072
semeion,3001,overlap_curve,0,23,1401,1472,40,3768320,581028,2802,163840
semeion,3001,overlap_curve,1,24,1401,1473,40,3932160,591384,2802,163840
semeion,3001,overlap_curve,2,25,1401,1474,40,4096000,591833,2802,163840
semeion,3001,overlap_curve,3,26,1401,1475,40,4259840,592630,2802,163840
semeion,3001,overlap_curve,4,27,1401,1476,40,4423680,596049,2802,163840
semeion,3001,overlap_curve,5,28,1401,1477,40,4587520,600584,2802,163840
semeion,3001,overlap_curve,6,29,1401,1478,40,4751360,610234,2802,163840
semeion,3001,overlap_curve,7,30,1401,1479,40,4915200,611889,2802,163840
semeion,3001,overlap_curve,8,31,1401,1480,40,5079040,614573,2802,163840
semeion,3001,overlap_curve,9,32,1401,1481,40,5242880,624250,2802,163840
semeion,3001,overlap_curve,10,33,1401,1482,40,5406720,631719,2802,163840
semeion,3001,overlap_curve,11,34,1401,1483,40,5570560,635129,2802,163840
semeion,3001,overlap_curve,12,35,1401,1484,40,5734400,636079,2802,163840
semeion,3001,overlap_curve,13,36,1401,1485,40,5898240,639081,2802,163840
semeion,3001,overlap_curve,14,37,1401,1486,40,6062080,642056,2802,163840
semeion,3001,overlap_curve,15,38,1401,1487,40,6225920,649558,2802,163840
semeion,3001,overlap_curve,16,39,1401,1488,40,6389760,650868,2802,163840
semeion,3001,overlap_curve,17,40,1401,1489,40,6553600,654557,2802,163840
semeion,3001,overlap_curve,18,41,1401,1490,40,6717440,662158,2802,163840
semeion,3001,overlap_curve,19,42,1401,1491,40,6881280,664305,2802,163840
semeion,3001,overlap_curve,20,43,1401,1492,40,7045120,665621,2802,163840
semeion,3001,overlap_curve,21,44,1401,1493,40,7208960,667024,2802,163840
semeion,3001,overlap_curve,22,45,1401,1494,40,7372800,676761,2802,163840
semeion,3001,overlap_curve,23,46,1401,1495,40,7536640,680960,2802,163840
semeion,3001,overlap_curve,24,47,1401,1496,40,7700480,681457,2802,163840
semeion,3001,overlap_curve,25,48,1401,1497,40,7864320,685323,2802,163840
semeion,3001,overlap_curve,26,49,1401,1498,40,8028160,688433,2802,163840
semeion,3001,overlap_curve,27,50,1401,1499,40,8192000,693547,2802,163840
semeion,3001,overlap_curve,28,51,1401,1500,40,8355840,693312,2802,163840
semeion,3001,overlap_curve,29,52,1401,1501,40,8519680,694634,2802,163840
semeion,3001,overlap_curve,30,53,1401,1502,40,8683520,695449,2802,163840
semeion,3001,overlap_curve,31,54,1401,1503,40,8847360,697752,2802,163840
semeion,3001,overlap_curve,32,55,1401,1504,40,9011200,699791,2802,163840
semeion,3001,raw_coordinate_curve,0,23,1401,1472,40,3768320,581028,2802,163840
semeion,3001,raw_coordinate_curve,1,24,1402,1473,40,3932160,581012,2804,163840
semeion,3001,raw_coordinate_curve,2,25,1403,1474,40,4096000,579627,2806,163840
semeion,3001,raw_coordinate_curve,3,26,1404,1475,40,4259840,577762,2808,163840
semeion,3001,raw_coordinate_curve,4,27,1405,1476,40,4423680,575672,2810,163840
semeion,3001,raw_coordinate_curve,5,28,1406,1477,40,4587520,573276,2812,163840
semeion,3001,raw_coordinate_curve,6,29,1407,1478,40,4751360,570763,2814,163840
semeion,3001,raw_coordinate_curve,7,30,1408,1479,40,4915200,568091,2816,163840
semeion,3001,raw_coordinate_curve,8,31,1409,1480,40,5079040,565230,2818,163840
semeion,3001,raw_coordinate_curve,9,32,1410,1481,40,5242880,562345,2820,163840
semeion,3001,raw_coordinate_curve,10,33,1411,1482,40,5406720,559490,2822,163840
semeion,3001,raw_coordinate_curve,11,34,1412,1483,40,5570560,556785,2824,163840
semeion,3001,raw_coordinate_curve,12,35,1413,1484,40,5734400,554104,2826,163840
semeion,3001,raw_coordinate_curve,13,36,1414,1485,40,5898240,551570,2828,163840
semeion,3001,raw_coordinate_curve,14,37,1415,1486,40,6062080,549012,2830,163840
semeion,3001,raw_coordinate_curve,15,38,1416,1487,40,6225920,546700,2832,163840
semeion,3001,raw_coordinate_curve,16,39,1417,1488,40,6389760,544910,2834,163840
semeion,3001,raw_coordinate_curve,17,40,1418,1489,40,6553600,543477,2836,163840
semeion,3001,raw_coordinate_curve,18,41,1419,1490,40,6717440,541312,2838,163840
semeion,3001,raw_coordinate_curve,19,42,1420,1491,40,6881280,539063,2840,163840
semeion,3001,raw_coordinate_curve,20,43,1421,1492,40,7045120,536298,2842,163840
semeion,3001,raw_coordinate_curve,21,44,1422,1493,40,7208960,533557,2844,163840
semeion,3001,raw_coordinate_curve,22,45,1423,1494,40,7372800,530810,2846,163840
semeion,3001,raw_coordinate_curve,23,46,1424,1495,40,7536640,527988,2848,163840
semeion,3001,raw_coordinate_curve,24,47,1425,1496,40,7700480,525220,2850,163840
semeion,3001,raw_coordinate_curve,25,48,1426,1497,40,7864320,522563,2852,163840
semeion,3001,raw_coordinate_curve,26,49,1427,1498,40,8028160,520149,2854,163840
semeion,3001,raw_coordinate_curve,27,50,1428,1499,40,8192000,517723,2856,163840
semeion,3001,raw_coordinate_curve,28,51,1429,1500,40,8355840,514949,2858,163840
semeion,3001,raw_coordinate_curve,29,52,1430,1501,40,8519680,512295,2860,163840
semeion,3001,raw_coordinate_curve,30,53,1431,1502,40,8683520,509416,2862,163840
semeion,3001,raw_coordinate_curve,31,54,1432,1503,40,8847360,506744,2864,163840
semeion,3001,raw_coordinate_curve,32,55,1433,1504,40,9011200,504081,2866,163840
semeion,3002,overlap_curve,0,23,1401,1472,40,3768320,579246,2802,163840
semeion,3002,overlap_curve,1,23,1401,1409,40,3768320,582319,2802,163840
semeion,3002,overlap_curve,2,24,1401,1410,40,3932160,594693,2802,163840
semeion,3002,overlap_curve,3,25,1401,1411,40,4096000,595286,2802,163840
semeion,3002,overlap_curve,4,26,1401,1412,40,4259840,595534,2802,163840
semeion,3002,overlap_curve,5,27,1401,1413,40,4423680,599478,2802,163840
semeion,3002,overlap_curve,6,28,1401,1414,40,4587520,608555,2802,163840
semeion,3002,overlap_curve,7,29,1401,1415,40,4751360,623860,2802,163840
semeion,3002,overlap_curve,8,30,1401,1416,40,4915200,639027,2802,163840
semeion,3002,overlap_curve,9,31,1401,1417,40,5079040,644183,2802,163840
semeion,3002,overlap_curve,10,32,1401,1418,40,5242880,651382,2802,163840
semeion,3002,overlap_curve,11,33,1401,1419,40,5406720,667719,2802,163840
semeion,3002,overlap_curve,12,34,1401,1420,40,5570560,672512,2802,163840
semeion,3002,overlap_curve,13,35,1401,1421,40,5734400,675934,2802,163840
semeion,3002,overlap_curve,14,36,1401,1422,40,5898240,681693,2802,163840
semeion,3002,overlap_curve,15,37,1401,1423,40,6062080,699761,2802,163840
semeion,3002,overlap_curve,16,38,1401,1424,40,6225920,710239,2802,163840
semeion,3002,overlap_curve,17,39,1401,1425,40,6389760,719460,2802,163840
semeion,3002,overlap_curve,18,40,1401,1426,40,6553600,720182,2802,163840
semeion,3002,overlap_curve,19,41,1401,1427,40,6717440,722146,2802,163840
semeion,3002,overlap_curve,20,42,1401,1428,40,6881280,724458,2802,163840
semeion,3002,overlap_curve,21,43,1401,1429,40,7045120,725966,2802,163840
semeion,3002,overlap_curve,22,44,1401,1430,40,7208960,731314,2802,163840
semeion,3002,overlap_curve,23,45,1401,1431,40,7372800,736431,2802,163840
semeion,3002,overlap_curve,24,46,1401,1432,40,7536640,739766,2802,163840
semeion,3002,overlap_curve,25,47,1401,1433,40,7700480,740215,2802,163840
semeion,3002,overlap_curve,26,48,1401,1434,40,7864320,740229,2802,163840
semeion,3002,overlap_curve,27,49,1401,1435,40,8028160,740069,2802,163840
semeion,3002,overlap_curve,28,50,1401,1436,40,8192000,734701,2802,163840
semeion,3002,overlap_curve,29,51,1401,1437,40,8355840,734805,2802,163840
semeion,3002,overlap_curve,30,52,1401,1438,40,8519680,734459,2802,163840
semeion,3002,overlap_curve,31,53,1401,1439,40,8683520,733873,2802,163840
semeion,3002,overlap_curve,32,54,1401,1440,40,8847360,733506,2802,163840
semeion,3002,raw_coordinate_curve,0,23,1401,1472,40,3768320,579246,2802,163840
semeion,3002,raw_coordinate_curve,1,24,1402,1473,40,3932160,579092,2804,163840
semeion,3002,raw_coordinate_curve,2,25,1403,1474,40,4096000,577503,2806,163840
semeion,3002,raw_coordinate_curve,3,26,1404,1475,40,4259840,575605,2808,163840
semeion,3002,raw_coordinate_curve,4,27,1405,1476,40,4423680,573380,2810,163840
semeion,3002,raw_coordinate_curve,5,28,1406,1477,40,4587520,570831,2812,163840
semeion,3002,raw_coordinate_curve,6,29,1407,1478,40,4751360,568252,2814,163840
semeion,3002,raw_coordinate_curve,7,30,1408,1479,40,4915200,565688,2816,163840
semeion,3002,raw_coordinate_curve,8,31,1409,1480,40,5079040,562971,2818,163840
semeion,3002,raw_coordinate_curve,9,32,1410,1481,40,5242880,560296,2820,163840
semeion,3002,raw_coordinate_curve,10,33,1411,1482,40,5406720,557501,2822,163840
semeion,3002,raw_coordinate_curve,11,34,1412,1483,40,5570560,554607,2824,163840
semeion,3002,raw_coordinate_curve,12,35,1413,1484,40,5734400,551884,2826,163840
semeion,3002,raw_coordinate_curve,13,36,1414,1485,40,5898240,549296,2828,163840
semeion,3002,raw_coordinate_curve,14,37,1415,1486,40,6062080,546759,2830,163840
semeion,3002,raw_coordinate_curve,15,38,1416,1487,40,6225920,544558,2832,163840
semeion,3002,raw_coordinate_curve,16,39,1417,1488,40,6389760,542711,2834,163840
semeion,3002,raw_coordinate_curve,17,40,1418,1489,40,6553600,541203,2836,163840
semeion,3002,raw_coordinate_curve,18,41,1419,1490,40,6717440,539044,2838,163840
semeion,3002,raw_coordinate_curve,19,42,1420,1491,40,6881280,536552,2840,163840
semeion,3002,raw_coordinate_curve,20,43,1421,1492,40,7045120,533724,2842,163840
semeion,3002,raw_coordinate_curve,21,44,1422,1493,40,7208960,530950,2844,163840
semeion,3002,raw_coordinate_curve,22,45,1423,1494,40,7372800,528194,2846,163840
semeion,3002,raw_coordinate_curve,23,46,1424,1495,40,7536640,525600,2848,163840
semeion,3002,raw_coordinate_curve,24,47,1425,1496,40,7700480,523009,2850,163840
semeion,3002,raw_coordinate_curve,25,48,1426,1497,40,7864320,520463,2852,163840
semeion,3002,raw_coordinate_curve,26,49,1427,1498,40,8028160,518064,2854,163840
semeion,3002,raw_coordinate_curve,27,50,1428,1499,40,8192000,515491,2856,163840
semeion,3002,raw_coordinate_curve,28,51,1429,1500,40,8355840,512951,2858,163840
semeion,3002,raw_coordinate_curve,29,52,1430,1501,40,8519680,510381,2860,163840
semeion,3002,raw_coordinate_curve,30,53,1431,1502,40,8683520,507679,2862,163840
semeion,3002,raw_coordinate_curve,31,54,1432,1503,40,8847360,504986,2864,163840
semeion,3002,raw_coordinate_curve,32,55,1433,1504,40,9011200,502569,2866,163840
