dataset,seed,profile,q,rounds,polynomial_degree,polynomial_collision_numerator,polynomial_collision_denominator
mushroom,3001,baseline_t1153_q40,1099510054913,4,4,8191,356809881487967509574046309372278435500522752
mushroom,3001,same_field_narrow_lossless,34359410689,4,5,6553,9353164473881863653349808421923839130692017454848
mushroom,3001,selected_field_q32,4294475777,5,5,6553,285286240717484138365755176133745434697924224
mushroom,3002,selected_field_q32,4294475777,5,5,6553,285286240717484138365755176133745434697924224
mushroom,3002,same_field_narrow_lossless,34359410689,4,5,6553,9353164473881863653349808421923839130692017454848
mushroom,3002,baseline_t1153_q40,1099510054913,4,4,8191,356809881487967509574046309372278435500522752
semeion,3001,baseline_t1153_q40,1099510054913,4,4,8191,356809881487967509574046309372278435500522752
semeion,3001,same_field_narrow_lossless,68718428161,4,5,6553,299292700080950018287264183791168094313189842563072
semeion,3001,selected_field_q32,4294475777,5,5,6553,285286240717484138365755176133745434697924224
semeion,3002,selected_field_q32,4294475777,5,5,6553,285286240717484138365755176133745434697924224
semeion,3002,same_field_narrow_lossless,68718428161,4,5,6553,299292700080950018287264183791168094313189842563072
semeion,3002,baseline_t1153_q40,1099510054913,4,4,8191,356809881487967509574046309372278435500522752
