dataset,seed,completed,link_mbps,objective,selected,online_serial_s_model,amortized_serial_s_model,offline_cost_per_completed_s_model,body_bytes_per_completed_including_unused,prepared_tokens,unused_tokens,scope
mushroom,3001,1,1,online_serial_s_model,selected_field_q32/polynomial_native_bit,1.1448168899974023,30.248698262993802,29.1038813729964,2822917.0,9,8,"Recorded-stage/body serial model, nine-token limit, all unused tokens paid; no wire/network/throughput prediction."
mushroom,3001,1,1,amortized_serial_s_model,selected_field_q32/polynomial_native_bit,1.1448168899974023,30.248698262993802,29.1038813729964,2822917.0,9,8,"Recorded-stage/body serial model, nine-token limit, all unused tokens paid; no wire/network/throughput prediction."
mushroom,3001,1,10,online_serial_s_model,selected_field_q32/polynomial_native_bit,0.1973328899974023,9.923695862993805,9.726362972996402,2822917.0,9,8,"Recorded-stage/body serial model, nine-token limit, all unused tokens paid; no wire/network/throughput prediction."
mushroom,3001,1,10,amortized_serial_s_model,same_field_narrow_lossless/vector_native_bit,0.20931106950187026,9.551598597508614,9.342287528006743,3087632.0,9,8,"Recorded-stage/body serial model, nine-token limit, all unused tokens paid; no wire/network/throughput prediction."
mushroom,3001,1,100,online_serial_s_model,selected_field_q32/polynomial_native_bit,0.10258448999740233,7.891195622993803,7.788611132996401,2822917.0,9,8,"Recorded-stage/body serial model, nine-token limit, all unused tokens paid; no wire/network/throughput prediction."
mushroom,3001,1,100,amortized_serial_s_model,same_field_narrow_lossless/vector_native_bit,0.10533874950187028,7.328503557508612,7.223164808006742,3087632.0,9,8,"Recorded-stage/body serial model, nine-token limit, all unused tokens paid; no wire/network/throughput prediction."
mushroom,3001,1,1000,online_serial_s_model,baseline_t1153_q40/polynomial_native_bit,0.09293795850235237,7.1554665614993835,7.062528602997031,3527952.0,9,8,"Recorded-stage/body serial model, nine-token limit, all unused tokens paid; no wire/network/throughput prediction."
mushroom,3001,1,1000,amortized_serial_s_model,same_field_narrow_lossless/vector_native_bit,0.09494151750187027,7.106194053508612,7.011252536006742,3087632.0,9,8,"Recorded-stage/body serial model, nine-token limit, all unused tokens paid; no wire/network/throughput prediction."
mushroom,3001,4,1,online_serial_s_model,selected_field_q32/polynomial_native_bit,1.1448168899974023,8.420787233246502,7.2759703432491,804425.5,9,5,"Recorded-stage/body serial model, nine-token limit, all unused tokens paid; no wire/network/throughput prediction."
mushroom,3001,4,1,amortized_serial_s_model,selected_field_q32/polynomial_native_bit,1.1448168899974023,8.420787233246502,7.2759703432491,804425.5,9,5,"Recorded-stage/body serial model, nine-token limit, all unused tokens paid; no wire/network/throughput prediction."
mushroom,3001,4,10,online_serial_s_model,selected_field_q32/polynomial_native_bit,0.1973328899974023,2.6289236332465027,2.4315907432491004,804425.5,9,5,"Recorded-stage/body serial model, nine-token limit, all unused tokens paid; no wire/network/throughput prediction."
mushroom,3001,4,10,amortized_serial_s_model,same_field_narrow_lossless/vector_native_bit,0.20931106950187026,2.544882951503556,2.3355718820016858,880212.5,9,5,"Recorded-stage/body serial model, nine-token limit, all unused tokens paid; no wire/network/throughput prediction."
mushroom,3001,4,100,online_serial_s_model,selected_field_q32/polynomial_native_bit,0.10258448999740233,2.0497372732465027,1.9471527832491002,804425.5,9,5,"Recorded-stage/body serial model, nine-token limit, all unused tokens paid; no wire/network/throughput prediction."
mushroom,3001,4,100,amortized_serial_s_model,same_field_narrow_lossless/vector_native_bit,0.10533874950187028,1.9111299515035558,1.8057912020016855,880212.5,9,5,"Recorded-stage/body serial model, nine-token limit, all unused tokens paid; no wire/network/throughput prediction."
mushroom,3001,4,1000,online_serial_s_model,baseline_t1153_q40/polynomial_native_bit,0.09293795850235237,1.8585701092516103,1.7656321507492578,1005652.5,9,5,"Recorded-stage/body serial model, nine-token limit, all unused tokens paid; no wire/network/throughput prediction."
mushroom,3001,4,1000,amortized_serial_s_model,same_field_narrow_lossless/vector_native_bit,0.09494151750187027,1.8477546515035557,1.7528131340016855,880212.5,9,5,"Recorded-stage/body serial model, nine-token limit, all unused tokens paid; no wire/network/throughput prediction."
mushroom,3001,9,1,online_serial_s_model,selected_field_q32/polynomial_native_bit,1.1448168899974023,4.378581486997002,3.2337645969996003,430630.77777777775,9,0,"Recorded-stage/body serial model, nine-token limit, all unused tokens paid; no wire/network/throughput prediction."
mushroom,3001,9,1,amortized_serial_s_model,selected_field_q32/polynomial_native_bit,1.1448168899974023,4.378581486997002,3.2337645969996003,430630.77777777775,9,0,"Recorded-stage/body serial model, nine-token limit, all unused tokens paid; no wire/network/throughput prediction."
mushroom,3001,9,10,online_serial_s_model,selected_field_q32/polynomial_native_bit,0.1973328899974023,1.2780398869970024,1.0807069969996002,430630.77777777775,9,0,"Recorded-stage/body serial model, nine-token limit, all unused tokens paid; no wire/network/throughput prediction."
mushroom,3001,9,10,amortized_serial_s_model,same_field_narrow_lossless/vector_native_bit,0.20931106950187026,1.247343017058175,1.0380319475563047,471431.1111111111,9,0,"Recorded-stage/body serial model, nine-token limit, all unused tokens paid; no wire/network/throughput prediction."
mushroom,3001,9,100,online_serial_s_model,selected_field_q32/polynomial_native_bit,0.10258448999740233,0.9679857269970025,0.8654012369996001,430630.77777777775,9,0,"Recorded-stage/body serial model, nine-token limit, all unused tokens paid; no wire/network/throughput prediction."
mushroom,3001,9,100,amortized_serial_s_model,same_field_narrow_lossless/vector_native_bit,0.10533874950187028,0.9079126170581749,0.8025738675563047,471431.1111111111,9,0,"Recorded-stage/body serial model, nine-token limit, all unused tokens paid; no wire/network/throughput prediction."
mushroom,3001,9,1000,online_serial_s_model,baseline_t1153_q40/polynomial_native_bit,0.09293795850235237,0.877663358835356,0.7847254003330035,538560.0,9,0,"Recorded-stage/body serial model, nine-token limit, all unused tokens paid; no wire/network/throughput prediction."
mushroom,3001,9,1000,amortized_serial_s_model,same_field_narrow_lossless/vector_native_bit,0.09494151750187027,0.8739695770581749,0.7790280595563046,471431.1111111111,9,0,"Recorded-stage/body serial model, nine-token limit, all unused tokens paid; no wire/network/throughput prediction."
mushroom,3002,1,1,online_serial_s_model,selected_field_q32/polynomial_native_bit,1.1439518850030463,30.395721511002193,29.25176962599915,2822990.0,9,8,"Recorded-stage/body serial model, nine-token limit, all unused tokens paid; no wire/network/throughput prediction."
mushroom,3002,1,1,amortized_serial_s_model,selected_field_q32/polynomial_native_bit,1.1439518850030463,30.395721511002193,29.25176962599915,2822990.0,9,8,"Recorded-stage/body serial model, nine-token limit, all unused tokens paid; no wire/network/throughput prediction."
mushroom,3002,1,10,online_serial_s_model,selected_field_q32/polynomial_native_bit,0.19594228500304625,10.070193511002195,9.87425122599915,2822990.0,9,8,"Recorded-stage/body serial model, nine-token limit, all unused tokens paid; no wire/network/throughput prediction."
mushroom,3002,1,10,amortized_serial_s_model,same_field_narrow_lossless/vector_native_bit,0.20965515200046966,9.654340259994367,9.444685107993898,3087778.0,9,8,"Recorded-stage/body serial model, nine-token limit, all unused tokens paid; no wire/network/throughput prediction."
mushroom,3002,1,100,online_serial_s_model,selected_field_q32/polynomial_native_bit,0.10114132500304625,8.037640711002195,7.936499385999149,2822990.0,9,8,"Recorded-stage/body serial model, nine-token limit, all unused tokens paid; no wire/network/throughput prediction."
mushroom,3002,1,100,amortized_serial_s_model,same_field_narrow_lossless/vector_native_bit,0.10557771200046964,7.431140099994367,7.325562387993897,3087778.0,9,8,"Recorded-stage/body serial model, nine-token limit, all unused tokens paid; no wire/network/throughput prediction."
mushroom,3002,1,1000,online_serial_s_model,selected_field_q32/polynomial_native_bit,0.09166122900304624,7.834385431002195,7.742724201999149,2822990.0,9,8,"Recorded-stage/body serial model, nine-token limit, all unused tokens paid; no wire/network/throughput prediction."
mushroom,3002,1,1000,amortized_serial_s_model,same_field_narrow_lossless/vector_native_bit,0.09516996800046965,7.208820083994366,7.113650115993897,3087778.0,9,8,"Recorded-stage/body serial model, nine-token limit, all unused tokens paid; no wire/network/throughput prediction."
mushroom,3002,4,1,online_serial_s_model,selected_field_q32/polynomial_native_bit,1.1439518850030463,8.456894291502834,7.312942406499787,804498.5,9,5,"Recorded-stage/body serial model, nine-token limit, all unused tokens paid; no wire/network/throughput prediction."
mushroom,3002,4,1,amortized_serial_s_model,selected_field_q32/polynomial_native_bit,1.1439518850030463,8.456894291502834,7.312942406499787,804498.5,9,5,"Recorded-stage/body serial model, nine-token limit, all unused tokens paid; no wire/network/throughput prediction."
mushroom,3002,4,10,online_serial_s_model,selected_field_q32/polynomial_native_bit,0.19594228500304625,2.6645050915028334,2.4685628064997873,804498.5,9,5,"Recorded-stage/body serial model, nine-token limit, all unused tokens paid; no wire/network/throughput prediction."
mushroom,3002,4,10,amortized_serial_s_model,same_field_narrow_lossless/vector_native_bit,0.20965515200046966,2.570826428998944,2.3611712769984745,880358.5,9,5,"Recorded-stage/body serial model, nine-token limit, all unused tokens paid; no wire/network/throughput prediction."
mushroom,3002,4,100,online_serial_s_model,selected_field_q32/polynomial_native_bit,0.10114132500304625,2.0852661715028336,1.9841248464997872,804498.5,9,5,"Recorded-stage/body serial model, nine-token limit, all unused tokens paid; no wire/network/throughput prediction."
mushroom,3002,4,100,amortized_serial_s_model,same_field_narrow_lossless/vector_native_bit,0.10557771200046964,1.936968308998944,1.8313905969984743,880358.5,9,5,"Recorded-stage/body serial model, nine-token limit, all unused tokens paid; no wire/network/throughput prediction."
mushroom,3002,4,1000,online_serial_s_model,selected_field_q32/polynomial_native_bit,0.09166122900304624,2.0273422795028333,1.9356810504997872,804498.5,9,5,"Recorded-stage/body serial model, nine-token limit, all unused tokens paid; no wire/network/throughput prediction."
mushroom,3002,4,1000,amortized_serial_s_model,same_field_narrow_lossless/vector_native_bit,0.09516996800046965,1.8735824969989439,1.7784125289984742,880358.5,9,5,"Recorded-stage/body serial model, nine-token limit, all unused tokens paid; no wire/network/throughput prediction."
mushroom,3002,9,1,online_serial_s_model,selected_field_q32/polynomial_native_bit,1.1439518850030463,4.3941485101140625,3.2501966251110166,430703.77777777775,9,0,"Recorded-stage/body serial model, nine-token limit, all unused tokens paid; no wire/network/throughput prediction."
mushroom,3002,9,1,amortized_serial_s_model,selected_field_q32/polynomial_native_bit,1.1439518850030463,4.3941485101140625,3.2501966251110166,430703.77777777775,9,0,"Recorded-stage/body serial model, nine-token limit, all unused tokens paid; no wire/network/throughput prediction."
mushroom,3002,9,10,online_serial_s_model,selected_field_q32/polynomial_native_bit,0.19594228500304625,1.293081310114063,1.0971390251110167,430703.77777777775,9,0,"Recorded-stage/body serial model, nine-token limit, all unused tokens paid; no wire/network/throughput prediction."
mushroom,3002,9,10,amortized_serial_s_model,same_field_narrow_lossless/vector_native_bit,0.20965515200046966,1.259064608444236,1.0494094564437664,471577.1111111111,9,0,"Recorded-stage/body serial model, nine-token limit, all unused tokens paid; no wire/network/throughput prediction."
mushroom,3002,9,100,online_serial_s_model,selected_field_q32/polynomial_native_bit,0.10114132500304625,0.9829745901140629,0.8818332651110166,430703.77777777775,9,0,"Recorded-stage/body serial model, nine-token limit, all unused tokens paid; no wire/network/throughput prediction."
mushroom,3002,9,100,amortized_serial_s_model,same_field_narrow_lossless/vector_native_bit,0.10557771200046964,0.919529088444236,0.8139513764437664,471577.1111111111,9,0,"Recorded-stage/body serial model, nine-token limit, all unused tokens paid; no wire/network/throughput prediction."
mushroom,3002,9,1000,online_serial_s_model,selected_field_q32/polynomial_native_bit,0.09166122900304624,0.9519639181140629,0.8603026891110166,430703.77777777775,9,0,"Recorded-stage/body serial model, nine-token limit, all unused tokens paid; no wire/network/throughput prediction."
mushroom,3002,9,1000,amortized_serial_s_model,same_field_narrow_lossless/vector_native_bit,0.09516996800046965,0.8855755364442359,0.7904055684437663,471577.1111111111,9,0,"Recorded-stage/body serial model, nine-token limit, all unused tokens paid; no wire/network/throughput prediction."
semeion,3001,1,1,online_serial_s_model,selected_field_q32/polynomial_native_bit,1.1651082790032103,26.415420200001787,25.250311920998577,2234418.0,9,8,"Recorded-stage/body serial model, nine-token limit, all unused tokens paid; no wire/network/throughput prediction."
semeion,3001,1,1,amortized_serial_s_model,selected_field_q32/polynomial_native_bit,1.1651082790032103,26.415420200001787,25.250311920998577,2234418.0,9,8,"Recorded-stage/body serial model, nine-token limit, all unused tokens paid; no wire/network/throughput prediction."
semeion,3001,1,10,online_serial_s_model,selected_field_q32/polynomial_native_bit,0.20121547900321038,10.327610600001785,10.126395120998575,2234418.0,9,8,"Recorded-stage/body serial model, nine-token limit, all unused tokens paid; no wire/network/throughput prediction."
semeion,3001,1,10,amortized_serial_s_model,same_field_narrow_lossless/vector_native_bit,0.2175222815041097,10.230108612507674,10.012586331003565,2512946.0,9,8,"Recorded-stage/body serial model, nine-token limit, all unused tokens paid; no wire/network/throughput prediction."
semeion,3001,1,100,online_serial_s_model,selected_field_q32/polynomial_native_bit,0.10482619900321036,8.718829640001784,8.614003440998575,2234418.0,9,8,"Recorded-stage/body serial model, nine-token limit, all unused tokens paid; no wire/network/throughput prediction."
semeion,3001,1,100,amortized_serial_s_model,same_field_narrow_lossless/vector_native_bit,0.10933652150410972,8.420787492507674,8.311450971003564,2512946.0,9,8,"Recorded-stage/body serial model, nine-token limit, all unused tokens paid; no wire/network/throughput prediction."
semeion,3001,1,1000,online_serial_s_model,selected_field_q32/polynomial_native_bit,0.09518727100321037,8.557951544001785,8.462764272998575,2234418.0,9,8,"Recorded-stage/body serial model, nine-token limit, all unused tokens paid; no wire/network/throughput prediction."
semeion,3001,1,1000,amortized_serial_s_model,same_field_narrow_lossless/vector_native_bit,0.09851794550410972,8.239855380507676,8.141337435003566,2512946.0,9,8,"Recorded-stage/body serial model, nine-token limit, all unused tokens paid; no wire/network/throughput prediction."
semeion,3001,4,1,online_serial_s_model,selected_field_q32/polynomial_native_bit,1.1651082790032103,7.477686259252854,6.312577980249644,659010.0,9,5,"Recorded-stage/body serial model, nine-token limit, all unused tokens paid; no wire/network/throughput prediction."
semeion,3001,4,1,amortized_serial_s_model,selected_field_q32/polynomial_native_bit,1.1651082790032103,7.477686259252854,6.312577980249644,659010.0,9,5,"Recorded-stage/body serial model, nine-token limit, all unused tokens paid; no wire/network/throughput prediction."
semeion,3001,4,10,online_serial_s_model,selected_field_q32/polynomial_native_bit,0.20121547900321038,2.732814259252854,2.531598780249644,659010.0,9,5,"Recorded-stage/body serial model, nine-token limit, all unused tokens paid; no wire/network/throughput prediction."
semeion,3001,4,10,amortized_serial_s_model,same_field_narrow_lossless/vector_native_bit,0.2175222815041097,2.7206688642550008,2.503146582750891,740930.0,9,5,"Recorded-stage/body serial model, nine-token limit, all unused tokens paid; no wire/network/throughput prediction."
semeion,3001,4,100,online_serial_s_model,selected_field_q32/polynomial_native_bit,0.10482619900321036,2.258327059252854,2.1535008602496437,659010.0,9,5,"Recorded-stage/body serial model, nine-token limit, all unused tokens paid; no wire/network/throughput prediction."
semeion,3001,4,100,amortized_serial_s_model,same_field_narrow_lossless/vector_native_bit,0.10933652150410972,2.1871992642550007,2.077862742750891,740930.0,9,5,"Recorded-stage/body serial model, nine-token limit, all unused tokens paid; no wire/network/throughput prediction."
semeion,3001,4,1000,online_serial_s_model,selected_field_q32/polynomial_native_bit,0.09518727100321037,2.210878339252854,2.1156910682496437,659010.0,9,5,"Recorded-stage/body serial model, nine-token limit, all unused tokens paid; no wire/network/throughput prediction."
semeion,3001,4,1000,amortized_serial_s_model,same_field_narrow_lossless/vector_native_bit,0.09851794550410972,2.1338523042550013,2.0353343587508914,740930.0,9,5,"Recorded-stage/body serial model, nine-token limit, all unused tokens paid; no wire/network/throughput prediction."
semeion,3001,9,1,online_serial_s_model,selected_field_q32/polynomial_native_bit,1.1651082790032103,3.9706984924474966,2.8055902134442863,367267.77777777775,9,0,"Recorded-stage/body serial model, nine-token limit, all unused tokens paid; no wire/network/throughput prediction."
semeion,3001,9,1,amortized_serial_s_model,selected_field_q32/polynomial_native_bit,1.1651082790032103,3.9706984924474966,2.8055902134442863,367267.77777777775,9,0,"Recorded-stage/body serial model, nine-token limit, all unused tokens paid; no wire/network/throughput prediction."
semeion,3001,9,10,online_serial_s_model,selected_field_q32/polynomial_native_bit,0.20121547900321038,1.3263704924474964,1.125155013444286,367267.77777777775,9,0,"Recorded-stage/body serial model, nine-token limit, all unused tokens paid; no wire/network/throughput prediction."
semeion,3001,9,10,amortized_serial_s_model,selected_field_q32/polynomial_native_bit,0.20121547900321038,1.3263704924474964,1.125155013444286,367267.77777777775,9,0,"Recorded-stage/body serial model, nine-token limit, all unused tokens paid; no wire/network/throughput prediction."
semeion,3001,9,100,online_serial_s_model,selected_field_q32/polynomial_native_bit,0.10482619900321036,1.0619376924474966,0.9571114934442861,367267.77777777775,9,0,"Recorded-stage/body serial model, nine-token limit, all unused tokens paid; no wire/network/throughput prediction."
semeion,3001,9,100,amortized_serial_s_model,same_field_narrow_lossless/vector_native_bit,0.10933652150410972,1.032831073837839,0.9234945523337293,412778.8888888889,9,0,"Recorded-stage/body serial model, nine-token limit, all unused tokens paid; no wire/network/throughput prediction."
semeion,3001,9,1000,online_serial_s_model,selected_field_q32/polynomial_native_bit,0.09518727100321037,1.0354944124474965,0.9403071414442861,367267.77777777775,9,0,"Recorded-stage/body serial model, nine-token limit, all unused tokens paid; no wire/network/throughput prediction."
semeion,3001,9,1000,amortized_serial_s_model,same_field_narrow_lossless/vector_native_bit,0.09851794550410972,1.0031109938378393,0.9045930483337296,412778.8888888889,9,0,"Recorded-stage/body serial model, nine-token limit, all unused tokens paid; no wire/network/throughput prediction."
semeion,3002,1,1,online_serial_s_model,selected_field_q32/polynomial_native_bit,1.1655085879975684,26.636555375001077,25.47104678700351,2234418.0,9,8,"Recorded-stage/body serial model, nine-token limit, all unused tokens paid; no wire/network/throughput prediction."
semeion,3002,1,1,amortized_serial_s_model,selected_field_q32/polynomial_native_bit,1.1655085879975684,26.636555375001077,25.47104678700351,2234418.0,9,8,"Recorded-stage/body serial model, nine-token limit, all unused tokens paid; no wire/network/throughput prediction."
semeion,3002,1,10,online_serial_s_model,selected_field_q32/polynomial_native_bit,0.20161578799756844,10.548745775001075,10.347129987003507,2234418.0,9,8,"Recorded-stage/body serial model, nine-token limit, all unused tokens paid; no wire/network/throughput prediction."
semeion,3002,1,10,amortized_serial_s_model,same_field_narrow_lossless/vector_native_bit,0.21912099550184663,10.407949941492543,10.188828945990696,2512946.0,9,8,"Recorded-stage/body serial model, nine-token limit, all unused tokens paid; no wire/network/throughput prediction."
semeion,3002,1,100,online_serial_s_model,selected_field_q32/polynomial_native_bit,0.10522650799756841,8.939964815001074,8.834738307003507,2234418.0,9,8,"Recorded-stage/body serial model, nine-token limit, all unused tokens paid; no wire/network/throughput prediction."
semeion,3002,1,100,amortized_serial_s_model,same_field_narrow_lossless/vector_native_bit,0.11093523550184664,8.598628821492543,8.487693585990696,2512946.0,9,8,"Recorded-stage/body serial model, nine-token limit, all unused tokens paid; no wire/network/throughput prediction."
semeion,3002,1,1000,online_serial_s_model,selected_field_q32/polynomial_native_bit,0.09558757999756842,8.779086719001075,8.683499139003507,2234418.0,9,8,"Recorded-stage/body serial model, nine-token limit, all unused tokens paid; no wire/network/throughput prediction."
semeion,3002,1,1000,amortized_serial_s_model,same_field_narrow_lossless/vector_native_bit,0.10011665950184664,8.417696709492544,8.317580049990697,2512946.0,9,8,"Recorded-stage/body serial model, nine-token limit, all unused tokens paid; no wire/network/throughput prediction."
semeion,3002,4,1,online_serial_s_model,selected_field_q32/polynomial_native_bit,1.1655085879975684,7.533270284748445,6.367761696750877,659010.0,9,5,"Recorded-stage/body serial model, nine-token limit, all unused tokens paid; no wire/network/throughput prediction."
semeion,3002,4,1,amortized_serial_s_model,selected_field_q32/polynomial_native_bit,1.1655085879975684,7.533270284748445,6.367761696750877,659010.0,9,5,"Recorded-stage/body serial model, nine-token limit, all unused tokens paid; no wire/network/throughput prediction."
semeion,3002,4,10,online_serial_s_model,selected_field_q32/polynomial_native_bit,0.20161578799756844,2.788398284748445,2.586782496750877,659010.0,9,5,"Recorded-stage/body serial model, nine-token limit, all unused tokens paid; no wire/network/throughput prediction."
semeion,3002,4,10,amortized_serial_s_model,same_field_narrow_lossless/vector_native_bit,0.21912099550184663,2.7663282319995206,2.547207236497674,740930.0,9,5,"Recorded-stage/body serial model, nine-token limit, all unused tokens paid; no wire/network/throughput prediction."
semeion,3002,4,100,online_serial_s_model,selected_field_q32/polynomial_native_bit,0.10522650799756841,2.313911084748445,2.2086845767508767,659010.0,9,5,"Recorded-stage/body serial model, nine-token limit, all unused tokens paid; no wire/network/throughput prediction."
semeion,3002,4,100,amortized_serial_s_model,same_field_narrow_lossless/vector_native_bit,0.11093523550184664,2.2328586319995205,2.121923396497674,740930.0,9,5,"Recorded-stage/body serial model, nine-token limit, all unused tokens paid; no wire/network/throughput prediction."
semeion,3002,4,1000,online_serial_s_model,selected_field_q32/polynomial_native_bit,0.09558757999756842,2.266462364748445,2.1708747847508767,659010.0,9,5,"Recorded-stage/body serial model, nine-token limit, all unused tokens paid; no wire/network/throughput prediction."
semeion,3002,4,1000,amortized_serial_s_model,same_field_narrow_lossless/vector_native_bit,0.10011665950184664,2.179511671999521,2.0793950124976743,740930.0,9,5,"Recorded-stage/body serial model, nine-token limit, all unused tokens paid; no wire/network/throughput prediction."
semeion,3002,9,1,online_serial_s_model,selected_field_q32/polynomial_native_bit,1.1655085879975684,3.995624897664625,2.8301163096670567,367267.77777777775,9,0,"Recorded-stage/body serial model, nine-token limit, all unused tokens paid; no wire/network/throughput prediction."
semeion,3002,9,1,amortized_serial_s_model,selected_field_q32/polynomial_native_bit,1.1655085879975684,3.995624897664625,2.8301163096670567,367267.77777777775,9,0,"Recorded-stage/body serial model, nine-token limit, all unused tokens paid; no wire/network/throughput prediction."
semeion,3002,9,10,online_serial_s_model,selected_field_q32/polynomial_native_bit,0.20161578799756844,1.3512968976646247,1.1496811096670563,367267.77777777775,9,0,"Recorded-stage/body serial model, nine-token limit, all unused tokens paid; no wire/network/throughput prediction."
semeion,3002,9,10,amortized_serial_s_model,same_field_narrow_lossless/vector_native_bit,0.21912099550184663,1.3512131006119241,1.1320921051100774,412778.8888888889,9,0,"Recorded-stage/body serial model, nine-token limit, all unused tokens paid; no wire/network/throughput prediction."
semeion,3002,9,100,online_serial_s_model,selected_field_q32/polynomial_native_bit,0.10522650799756841,1.0868640976646247,0.9816375896670563,367267.77777777775,9,0,"Recorded-stage/body serial model, nine-token limit, all unused tokens paid; no wire/network/throughput prediction."
semeion,3002,9,100,amortized_serial_s_model,same_field_narrow_lossless/vector_native_bit,0.11093523550184664,1.054012300611924,0.9430770651100774,412778.8888888889,9,0,"Recorded-stage/body serial model, nine-token limit, all unused tokens paid; no wire/network/throughput prediction."
semeion,3002,9,1000,online_serial_s_model,selected_field_q32/polynomial_native_bit,0.09558757999756842,1.0604208176646248,0.9648332376670563,367267.77777777775,9,0,"Recorded-stage/body serial model, nine-token limit, all unused tokens paid; no wire/network/throughput prediction."
semeion,3002,9,1000,amortized_serial_s_model,same_field_narrow_lossless/vector_native_bit,0.10011665950184664,1.024292220611924,0.9241755611100775,412778.8888888889,9,0,"Recorded-stage/body serial model, nine-token limit, all unused tokens paid; no wire/network/throughput prediction."
