dataset,seed,profile,variant,rows,dimension,t,q_bits,rounds,polynomial_degree,query_bytes,response_bytes,canonical_index_bytes_model,seeded_index_packet_bytes,native_ntt_index_word_bytes_model,seeded_answer_packet_bytes,private_map_bytes,fingerprint_residue_bytes_model,check_key_bytes_model,owner_coordinate_bytes_model,setup_s_stage_sum_model,pool_s_stage_sum,median_local_s_stage_sum,median_verify_s,median_pack_s,median_parse_s,median_native_server_s,median_gmp_server_s,median_owner_request_s,median_decrypt_s,median_decode_select_s,median_plaintext_cache_s_control,canonical_client_body_bytes_model
mushroom,3001,baseline_t1153_q40,vector_gmp_byte,7996,126,1153,40,4,4,1046,163840,5242880,2624832,8388608,82026,9542,20480,128,50456,6.574697803996969,0.7097710410016589,0.08319225150080456,0.03517735250170517,0.003688477499963483,0.006246918499527965,0.012425909499143017,0.8542486500009545,0.001239544501004275,0.01716822300113563,0.007193990999439848,0.00294719350131345,62602
mushroom,3001,baseline_t1153_q40,vector_gmp_bit,7996,126,1153,40,4,4,1046,163840,5242880,2624832,8388608,82026,9542,20480,128,50456,6.574697803996969,0.7097710410016589,0.07970839800327667,0.03517735250170517,0.0038487604997499147,0.0025784309982554987,0.012425909499143017,0.8542486500009545,0.001239544501004275,0.01716822300113563,0.007193990999439848,0.00294719350131345,62602
mushroom,3001,baseline_t1153_q40,vector_native_byte,7996,126,1153,40,4,4,1046,163840,5242880,2624832,8388608,82026,9542,20480,128,50456,6.576319474996126,0.47286903699932736,0.05690808899817057,0.008943295999415568,0.003688477499963483,0.006246918499527965,0.012425909499143017,0.8542486500009545,0.001239544501004275,0.01716822300113563,0.007193990999439848,0.00294719350131345,62602
mushroom,3001,baseline_t1153_q40,vector_native_bit,7996,126,1153,40,4,4,1046,163840,5242880,2624832,8388608,82026,9542,20480,128,50456,6.576319474996126,0.47286903699932736,0.05342423550064268,0.008943295999415568,0.0038487604997499147,0.0025784309982554987,0.012425909499143017,0.8542486500009545,0.001239544501004275,0.01716822300113563,0.007193990999439848,0.00294719350131345,62602
mushroom,3001,baseline_t1153_q40,polynomial_gmp_byte,7996,126,1153,40,4,4,1046,163840,5242880,2624832,8388608,82026,9542,20480,20,50456,6.6203370509974775,0.6479348729990306,0.07623768449957424,0.028321356998276315,0.003688477499963483,0.006246918499527965,0.012425909499143017,0.8542486500009545,0.001239544501004275,0.01716822300113563,0.007193990999439848,0.00294719350131345,62494
mushroom,3001,baseline_t1153_q40,polynomial_gmp_bit,7996,126,1153,40,4,4,1046,163840,5242880,2624832,8388608,82026,9542,20480,20,50456,6.6203370509974775,0.6479348729990306,0.07275383100204635,0.028321356998276315,0.0038487604997499147,0.0025784309982554987,0.012425909499143017,0.8542486500009545,0.001239544501004275,0.01716822300113563,0.007193990999439848,0.00294719350131345,62494
mushroom,3001,baseline_t1153_q40,polynomial_native_byte,7996,126,1153,40,4,4,1046,163840,5242880,2624832,8388608,82026,9542,20480,20,50456,6.5791627899961895,0.4564612850008416,0.055102723999880254,0.00714603600135888,0.003688477499963483,0.006246918499527965,0.012425909499143017,0.8542486500009545,0.001239544501004275,0.01716822300113563,0.007193990999439848,0.00294719350131345,62494
mushroom,3001,baseline_t1153_q40,polynomial_native_bit,7996,126,1153,40,4,4,1046,163840,5242880,2624832,8388608,82026,9542,20480,20,50456,6.5791627899961895,0.4564612850008416,0.051618870502352365,0.00714603600135888,0.0038487604997499147,0.0025784309982554987,0.012425909499143017,0.8542486500009545,0.001239544501004275,0.01716822300113563,0.007193990999439848,0.00294719350131345,62494
mushroom,3001,same_field_narrow_lossless,vector_gmp_byte,7996,126,1153,35,4,5,1046,163840,5242880,2297152,8388608,71786,9542,20480,128,50456,6.501483216004999,0.7270891910011414,0.08388444100455672,0.03573936400061939,0.0035546005001378944,0.006389015998138348,0.012488220498198643,0.8458446139993612,0.0012300345006224234,0.016737779500545003,0.007547813000201131,0.0029991890005476307,62602
mushroom,3001,same_field_narrow_lossless,vector_gmp_bit,7996,126,1153,35,4,5,1046,143360,5242880,2297152,8388608,71786,9542,20480,128,50456,6.501483216004999,0.7270891910011414,0.08047044450177054,0.03573936400061939,0.003819549998297589,0.0026730830013548257,0.012488220498198643,0.8458446139993612,0.0012300345006224234,0.016737779500545003,0.007547813000201131,0.0029991890005476307,62602
mushroom,3001,same_field_narrow_lossless,vector_native_byte,7996,126,1153,35,4,5,1046,163840,5242880,2297152,8388608,71786,9542,20480,128,50456,6.50212642900442,0.48558029900232214,0.05720026600465644,0.00899358200149436,0.0035546005001378944,0.006389015998138348,0.012488220498198643,0.8458446139993612,0.0012300345006224234,0.016737779500545003,0.007547813000201131,0.0029991890005476307,62602
mushroom,3001,same_field_narrow_lossless,vector_native_bit,7996,126,1153,35,4,5,1046,143360,5242880,2297152,8388608,71786,9542,20480,128,50456,6.50212642900442,0.48558029900232214,0.053786269501870265,0.00899358200149436,0.003819549998297589,0.0026730830013548257,0.012488220498198643,0.8458446139993612,0.0012300345006224234,0.016737779500545003,0.007547813000201131,0.0029991890005476307,62602
mushroom,3001,same_field_narrow_lossless,polynomial_gmp_byte,7996,126,1153,35,4,5,1046,163840,5242880,2297152,8388608,71786,9542,25600,25,50456,7.46708033100731,0.7014710870025738,0.08142187800513057,0.03318212299927836,0.0035546005001378944,0.006389015998138348,0.012488220498198643,0.8458446139993612,0.0012300345006224234,0.016737779500545003,0.007547813000201131,0.0029991890005476307,67664
mushroom,3001,same_field_narrow_lossless,polynomial_gmp_bit,7996,126,1153,35,4,5,1046,143360,5242880,2297152,8388608,71786,9542,25600,25,50456,7.46708033100731,0.7014710870025738,0.07800788150234439,0.03318212299927836,0.003819549998297589,0.0026730830013548257,0.012488220498198643,0.8458446139993612,0.0012300345006224234,0.016737779500545003,0.007547813000201131,0.0029991890005476307,67664
mushroom,3001,same_field_narrow_lossless,polynomial_native_byte,7996,126,1153,35,4,5,1046,163840,5242880,2297152,8388608,71786,9542,25600,25,50456,7.329199397005141,0.469874479000282,0.055525743006000994,0.007256907500050147,0.0035546005001378944,0.006389015998138348,0.012488220498198643,0.8458446139993612,0.0012300345006224234,0.016737779500545003,0.007547813000201131,0.0029991890005476307,67664
mushroom,3001,same_field_narrow_lossless,polynomial_native_bit,7996,126,1153,35,4,5,1046,143360,5242880,2297152,8388608,71786,9542,25600,25,50456,7.329199397005141,0.469874479000282,0.052083660501011764,0.007256907500050147,0.003819549998297589,0.0026730830013548257,0.012488220498198643,0.8458446139993612,0.0012300345006224234,0.016737779500545003,0.007547813000201131,0.0029991890005476307,67664
mushroom,3001,selected_field_q32,vector_gmp_byte,7996,126,193,32,5,5,523,131072,4194304,2100544,8388608,65642,8027,20480,160,50456,7.1663757559981605,0.7708899120007118,0.0916533734962286,0.04323782149913313,0.003685477500766865,0.006381145502018626,0.012690170000496437,0.8366942975007987,0.0013459764995786827,0.01664446299946576,0.007397686002150294,0.0030410200015467126,61119
mushroom,3001,selected_field_q32,vector_gmp_bit,7996,126,193,32,5,5,523,131072,4194304,2100544,8388608,65642,8027,20480,160,50456,7.1663757559981605,0.7708899120007118,0.08837511900310346,0.04323782149913313,0.0038861664997966727,0.0029101720010658028,0.012690170000496437,0.8366942975007987,0.0013459764995786827,0.01664446299946576,0.007397686002150294,0.0030410200015467126,61119
mushroom,3001,selected_field_q32,vector_native_byte,7996,126,193,32,5,5,523,131072,4194304,2100544,8388608,65642,8027,20480,160,50456,7.180968782995478,0.4636190249984793,0.057708890502908616,0.009383359498315258,0.003685477500766865,0.006381145502018626,0.012690170000496437,0.8366942975007987,0.0013459764995786827,0.01664446299946576,0.007397686002150294,0.0030410200015467126,61119
mushroom,3001,selected_field_q32,vector_native_bit,7996,126,193,32,5,5,523,131072,4194304,2100544,8388608,65642,8027,20480,160,50456,7.180968782995478,0.4636190249984793,0.05444791650006664,0.009383359498315258,0.0038861664997966727,0.0029101720010658028,0.012690170000496437,0.8366942975007987,0.0013459764995786827,0.01664446299946576,0.007397686002150294,0.0030410200015467126,61119
mushroom,3001,selected_field_q32,polynomial_gmp_byte,7996,126,193,32,5,5,523,131072,4194304,2100544,8388608,65642,8027,20480,20,50456,7.24304612299602,0.6719432639984007,0.08106798549852101,0.0327582350018929,0.003685477500766865,0.006381145502018626,0.012690170000496437,0.8366942975007987,0.0013459764995786827,0.01664446299946576,0.007397686002150294,0.0030410200015467126,60979
mushroom,3001,selected_field_q32,polynomial_gmp_bit,7996,126,193,32,5,5,523,131072,4194304,2100544,8388608,65642,8027,20480,20,50456,7.24304612299602,0.6719432639984007,0.07766711400108761,0.0327582350018929,0.0038861664997966727,0.0029101720010658028,0.012690170000496437,0.8366942975007987,0.0013459764995786827,0.01664446299946576,0.007397686002150294,0.0030410200015467126,60979
mushroom,3001,selected_field_q32,polynomial_native_byte,7996,126,193,32,5,5,523,131072,4194304,2100544,8388608,65642,8027,20480,20,50456,7.128509968995786,0.44479540400061524,0.055380594996677246,0.007027993498923024,0.003685477500766865,0.006381145502018626,0.012690170000496437,0.8366942975007987,0.0013459764995786827,0.01664446299946576,0.007397686002150294,0.0030410200015467126,60979
mushroom,3001,selected_field_q32,polynomial_native_bit,7996,126,193,32,5,5,523,131072,4194304,2100544,8388608,65642,8027,20480,20,50456,7.128509968995786,0.44479540400061524,0.05205688999740232,0.007027993498923024,0.0038861664997966727,0.0029101720010658028,0.012690170000496437,0.8366942975007987,0.0013459764995786827,0.01664446299946576,0.007397686002150294,0.0030410200015467126,60979
mushroom,3002,selected_field_q32,vector_gmp_byte,7996,126,193,32,5,5,596,131072,4194304,2100544,8388608,65642,9600,20480,160,48771,7.264522781999403,0.7507998620021681,0.08871014000214927,0.041587137999158585,0.0035358295008336427,0.006322209999780171,0.012219425500006764,0.8199072765019082,0.0016540569995413534,0.016244294500211254,0.0069586965000780765,0.002889056999265449,62692
mushroom,3002,selected_field_q32,vector_gmp_bit,7996,126,193,32,5,5,596,131072,4194304,2100544,8388608,65642,9600,20480,160,48771,7.264522781999403,0.7507998620021681,0.08522532599999977,0.041587137999158585,0.003746748499906971,0.002624100998218637,0.012219425500006764,0.8199072765019082,0.0016540569995413534,0.016244294500211254,0.0069586965000780765,0.002889056999265449,62692
mushroom,3002,selected_field_q32,vector_native_byte,7996,126,193,32,5,5,596,131072,4194304,2100544,8388608,65642,9600,20480,160,48771,7.269822496997222,0.45604164299948025,0.05628072200306633,0.009179005501209758,0.0035358295008336427,0.006322209999780171,0.012219425500006764,0.8199072765019082,0.0016540569995413534,0.016244294500211254,0.0069586965000780765,0.002889056999265449,62692
mushroom,3002,selected_field_q32,vector_native_bit,7996,126,193,32,5,5,596,131072,4194304,2100544,8388608,65642,9600,20480,160,48771,7.269822496997222,0.45604164299948025,0.05279482300284144,0.009179005501209758,0.003746748499906971,0.002624100998218637,0.012219425500006764,0.8199072765019082,0.0016540569995413534,0.016244294500211254,0.0069586965000780765,0.002889056999265449,62692
mushroom,3002,selected_field_q32,polynomial_gmp_byte,7996,126,193,32,5,5,596,131072,4194304,2100544,8388608,65642,9600,20480,20,48771,7.322169555998698,0.6633183810008632,0.07996219800043036,0.03253738999956113,0.0035358295008336427,0.006322209999780171,0.012219425500006764,0.8199072765019082,0.0016540569995413534,0.016244294500211254,0.0069586965000780765,0.002889056999265449,62552
mushroom,3002,selected_field_q32,polynomial_gmp_bit,7996,126,193,32,5,5,596,131072,4194304,2100544,8388608,65642,9600,20480,20,48771,7.322169555998698,0.6633183810008632,0.07632121699862182,0.03253738999956113,0.003746748499906971,0.002624100998218637,0.012219425500006764,0.8199072765019082,0.0016540569995413534,0.016244294500211254,0.0069586965000780765,0.002889056999265449,62552
mushroom,3002,selected_field_q32,polynomial_native_byte,7996,126,193,32,5,5,596,131072,4194304,2100544,8388608,65642,9600,20480,20,48771,7.284908721998363,0.4362849040007859,0.05409378400327114,0.006973057001232519,0.0035358295008336427,0.006322209999780171,0.012219425500006764,0.8199072765019082,0.0016540569995413534,0.016244294500211254,0.0069586965000780765,0.002889056999265449,62552
mushroom,3002,selected_field_q32,polynomial_native_bit,7996,126,193,32,5,5,596,131072,4194304,2100544,8388608,65642,9600,20480,20,48771,7.284908721998363,0.4362849040007859,0.05060788500304625,0.006973057001232519,0.003746748499906971,0.002624100998218637,0.012219425500006764,0.8199072765019082,0.0016540569995413534,0.016244294500211254,0.0069586965000780765,0.002889056999265449,62552
mushroom,3002,same_field_narrow_lossless,vector_gmp_byte,7996,126,1153,35,4,5,1192,163840,5242880,2297152,8388608,71786,11386,20480,128,48771,6.600218619994848,0.7211575190012809,0.08404541349955252,0.03558409049946931,0.0035290394989715423,0.006352754498948343,0.012744950499836705,0.8423912185007794,0.0014546639995387523,0.016617161500107613,0.0075585185004456434,0.0029987744983372977,64446
mushroom,3002,same_field_narrow_lossless,vector_gmp_bit,7996,126,1153,35,4,5,1192,143360,5242880,2297152,8388608,71786,11386,20480,128,48771,6.600218619994848,0.7211575190012809,0.08045730300000287,0.03558409049946931,0.0037642785009666113,0.0025772760000108974,0.012744950499836705,0.8423912185007794,0.0014546639995387523,0.016617161500107613,0.0075585185004456434,0.0029987744983372977,64446
mushroom,3002,same_field_narrow_lossless,vector_native_byte,7996,126,1153,35,4,5,1192,163840,5242880,2297152,8388608,71786,11386,20480,128,48771,6.608336428995244,0.48176787899865303,0.05762558900278236,0.009090368999750353,0.0035290394989715423,0.006352754498948343,0.012744950499836705,0.8423912185007794,0.0014546639995387523,0.016617161500107613,0.0075585185004456434,0.0029987744983372977,64446
mushroom,3002,same_field_narrow_lossless,vector_native_bit,7996,126,1153,35,4,5,1192,143360,5242880,2297152,8388608,71786,11386,20480,128,48771,6.608336428995244,0.48176787899865303,0.054013552000469645,0.009090368999750353,0.0037642785009666113,0.0025772760000108974,0.012744950499836705,0.8423912185007794,0.0014546639995387523,0.016617161500107613,0.0075585185004456434,0.0029987744983372977,64446
mushroom,3002,same_field_narrow_lossless,polynomial_gmp_byte,7996,126,1153,35,4,5,1192,163840,5242880,2297152,8388608,71786,11386,25600,25,48771,7.525246028995753,0.699759808001545,0.08199257299747842,0.033503313999972306,0.0035290394989715423,0.006352754498948343,0.012744950499836705,0.8423912185007794,0.0014546639995387523,0.016617161500107613,0.0075585185004456434,0.0029987744983372977,69508
mushroom,3002,same_field_narrow_lossless,polynomial_gmp_bit,7996,126,1153,35,4,5,1192,143360,5242880,2297152,8388608,71786,11386,25600,25,48771,7.525246028995753,0.699759808001545,0.07837463699797809,0.033503313999972306,0.0037642785009666113,0.0025772760000108974,0.012744950499836705,0.8423912185007794,0.0014546639995387523,0.016617161500107613,0.0075585185004456434,0.0029987744983372977,69508
mushroom,3002,same_field_narrow_lossless,polynomial_native_byte,7996,126,1153,35,4,5,1192,163840,5242880,2297152,8388608,71786,11386,25600,25,48771,7.453465806996974,0.46463058199879015,0.05577841250124038,0.007354179500907776,0.0035290394989715423,0.006352754498948343,0.012744950499836705,0.8423912185007794,0.0014546639995387523,0.016617161500107613,0.0075585185004456434,0.0029987744983372977,69508
mushroom,3002,same_field_narrow_lossless,polynomial_native_bit,7996,126,1153,35,4,5,1192,143360,5242880,2297152,8388608,71786,11386,25600,25,48771,7.453465806996974,0.46463058199879015,0.05218814550062234,0.007354179500907776,0.0037642785009666113,0.0025772760000108974,0.012744950499836705,0.8423912185007794,0.0014546639995387523,0.016617161500107613,0.0075585185004456434,0.0029987744983372977,69508
mushroom,3002,baseline_t1153_q40,vector_gmp_byte,7996,126,1153,40,4,4,1192,163840,5242880,2624832,8388608,82026,11386,20480,128,48771,6.716404221999255,0.7118317739987106,0.08604142800140835,0.036101255000176025,0.0037318540016713087,0.006335069499982637,0.01285537300100259,0.8542361664985947,0.0014422130007005762,0.01759114100059378,0.007734356999208103,0.003041674999622046,64446
mushroom,3002,baseline_t1153_q40,vector_gmp_bit,7996,126,1153,40,4,4,1192,163840,5242880,2624832,8388608,82026,11386,20480,128,48771,6.716404221999255,0.7118317739987106,0.08229040850346792,0.036101255000176025,0.003822520500762039,0.0026377465001132805,0.01285537300100259,0.8542361664985947,0.0014422130007005762,0.01759114100059378,0.007734356999208103,0.003041674999622046,64446
mushroom,3002,baseline_t1153_q40,vector_native_byte,7996,126,1153,40,4,4,1192,163840,5242880,2624832,8388608,82026,11386,20480,128,48771,6.730537969000579,0.4708458929962944,0.059285402503519435,0.009273207500882563,0.0037318540016713087,0.006335069499982637,0.01285537300100259,0.8542361664985947,0.0014422130007005762,0.01759114100059378,0.007734356999208103,0.003041674999622046,64446
mushroom,3002,baseline_t1153_q40,vector_native_bit,7996,126,1153,40,4,4,1192,163840,5242880,2624832,8388608,82026,11386,20480,128,48771,6.730537969000579,0.4708458929962944,0.05564742450042104,0.009273207500882563,0.003822520500762039,0.0026377465001132805,0.01285537300100259,0.8542361664985947,0.0014422130007005762,0.01759114100059378,0.007734356999208103,0.003041674999622046,64446
mushroom,3002,baseline_t1153_q40,polynomial_gmp_byte,7996,126,1153,40,4,4,1192,163840,5242880,2624832,8388608,82026,11386,20480,20,48771,6.7445608749985695,0.6444164579988865,0.07875128349405713,0.02872438449958281,0.0037318540016713087,0.006335069499982637,0.01285537300100259,0.8542361664985947,0.0014422130007005762,0.01759114100059378,0.007734356999208103,0.003041674999622046,64338
mushroom,3002,baseline_t1153_q40,polynomial_gmp_bit,7996,126,1153,40,4,4,1192,163840,5242880,2624832,8388608,82026,11386,20480,20,48771,6.7445608749985695,0.6444164579988865,0.07511064649588661,0.02872438449958281,0.003822520500762039,0.0026377465001132805,0.01285537300100259,0.8542361664985947,0.0014422130007005762,0.01759114100059378,0.007734356999208103,0.003041674999622046,64338
mushroom,3002,baseline_t1153_q40,polynomial_native_byte,7996,126,1153,40,4,4,1192,163840,5242880,2624832,8388608,82026,11386,20480,20,48771,6.6880405219999375,0.45393218100070953,0.05748151650004729,0.007332815001063864,0.0037318540016713087,0.006335069499982637,0.01285537300100259,0.8542361664985947,0.0014422130007005762,0.01759114100059378,0.007734356999208103,0.003041674999622046,64338
mushroom,3002,baseline_t1153_q40,polynomial_native_bit,7996,126,1153,40,4,4,1192,163840,5242880,2624832,8388608,82026,11386,20480,20,48771,6.6880405219999375,0.45393218100070953,0.053766428000017186,0.007332815001063864,0.003822520500762039,0.0026377465001132805,0.01285537300100259,0.8542361664985947,0.0014422130007005762,0.01759114100059378,0.007734356999208103,0.003041674999622046,64338
semeion,3001,baseline_t1153_q40,vector_gmp_byte,1465,256,1153,40,4,4,2802,163840,3768320,1886598,6029312,82026,551460,29440,128,8020,7.82204371300395,0.6282826089991431,0.08654907249729149,0.037146945996937575,0.0036365769992698915,0.0063024840001162374,0.013350337498195586,0.6448384204995818,0.006211916999745881,0.017006409498208086,0.0023961820006661583,0.00046097399899736047,587356
semeion,3001,baseline_t1153_q40,vector_gmp_bit,1465,256,1153,40,4,4,2802,163840,3768320,1886598,6029312,82026,551460,29440,128,8020,7.82204371300395,0.6282826089991431,0.08299460750095022,0.037146945996937575,0.003821690001132083,0.0025667855006759055,0.013350337498195586,0.6448384204995818,0.006211916999745881,0.017006409498208086,0.0023961820006661583,0.00046097399899736047,587356
semeion,3001,baseline_t1153_q40,vector_native_byte,1465,256,1153,40,4,4,2802,163840,3768320,1886598,6029312,82026,551460,29440,128,8020,7.8183671700062405,0.3929236600015429,0.060514534496178385,0.011108693499409128,0.0036365769992698915,0.0063024840001162374,0.013350337498195586,0.6448384204995818,0.006211916999745881,0.017006409498208086,0.0023961820006661583,0.00046097399899736047,587356
semeion,3001,baseline_t1153_q40,vector_native_bit,1465,256,1153,40,4,4,2802,163840,3768320,1886598,6029312,82026,551460,29440,128,8020,7.8183671700062405,0.3929236600015429,0.05690206849612878,0.011108693499409128,0.003821690001132083,0.0025667855006759055,0.013350337498195586,0.6448384204995818,0.006211916999745881,0.017006409498208086,0.0023961820006661583,0.00046097399899736047,587356
semeion,3001,baseline_t1153_q40,polynomial_gmp_byte,1465,256,1153,40,4,4,2802,163840,3768320,1886598,6029312,82026,551460,29440,20,8020,7.859086181004386,0.5570144670018635,0.07922342349775136,0.029745265499514062,0.0036365769992698915,0.0063024840001162374,0.013350337498195586,0.6448384204995818,0.006211916999745881,0.017006409498208086,0.0023961820006661583,0.00046097399899736047,587248
semeion,3001,baseline_t1153_q40,polynomial_gmp_bit,1465,256,1153,40,4,4,2802,163840,3768320,1886598,6029312,82026,551460,29440,20,8020,7.859086181004386,0.5570144670018635,0.07558371650520712,0.029745265499514062,0.003821690001132083,0.0025667855006759055,0.013350337498195586,0.6448384204995818,0.006211916999745881,0.017006409498208086,0.0023961820006661583,0.00046097399899736047,587248
semeion,3001,baseline_t1153_q40,polynomial_native_byte,1465,256,1153,40,4,4,2802,163840,3768320,1886598,6029312,82026,551460,29440,20,8020,7.8180232330050785,0.37115320100201643,0.058181807997243595,0.008738242000617902,0.0036365769992698915,0.0063024840001162374,0.013350337498195586,0.6448384204995818,0.006211916999745881,0.017006409498208086,0.0023961820006661583,0.00046097399899736047,587248
semeion,3001,baseline_t1153_q40,polynomial_native_bit,1465,256,1153,40,4,4,2802,163840,3768320,1886598,6029312,82026,551460,29440,20,8020,7.8180232330050785,0.37115320100201643,0.054500915997778066,0.008738242000617902,0.003821690001132083,0.0025667855006759055,0.013350337498195586,0.6448384204995818,0.006211916999745881,0.017006409498208086,0.0023961820006661583,0.00046097399899736047,587248
semeion,3001,same_field_narrow_lossless,vector_gmp_byte,1465,256,1153,36,4,5,2802,163840,3768320,1698182,6029312,73834,551460,29440,128,8020,7.726758617001906,0.6499764470027003,0.08762394700170262,0.03816619049939618,0.003556939998816233,0.0064618819997122046,0.013783191001493833,0.6155819545001577,0.0063497449991700705,0.0164272184993024,0.0024821639999572653,0.00047199400069075637,587356
semeion,3001,same_field_narrow_lossless,vector_gmp_bit,1465,256,1153,36,4,5,2802,147456,3768320,1698182,6029312,73834,551460,29440,128,8020,7.726758617001906,0.6499764470027003,0.0842067350022262,0.03816619049939618,0.0038444860019808402,0.002708748501390801,0.013783191001493833,0.6155819545001577,0.0063497449991700705,0.0164272184993024,0.0024821639999572653,0.00047199400069075637,587356
semeion,3001,same_field_narrow_lossless,vector_native_byte,1465,256,1153,36,4,5,2802,163840,3768320,1698182,6029312,73834,551460,29440,128,8020,7.714165389003028,0.4082705420005368,0.06085473150233156,0.011310432499158196,0.003556939998816233,0.0064618819997122046,0.013783191001493833,0.6155819545001577,0.0063497449991700705,0.0164272184993024,0.0024821639999572653,0.00047199400069075637,587356
semeion,3001,same_field_narrow_lossless,vector_native_bit,1465,256,1153,36,4,5,2802,147456,3768320,1698182,6029312,73834,551460,29440,128,8020,7.714165389003028,0.4082705420005368,0.05731588150410971,0.011310432499158196,0.0038444860019808402,0.002708748501390801,0.013783191001493833,0.6155819545001577,0.0063497449991700705,0.0164272184993024,0.0024821639999572653,0.00047199400069075637,587356
semeion,3001,same_field_narrow_lossless,polynomial_gmp_byte,1465,256,1153,36,4,5,2802,163840,3768320,1698182,6029312,73834,551460,36800,25,8020,8.401317527001083,0.6162780040031066,0.08476084250105487,0.03501323899945419,0.003556939998816233,0.0064618819997122046,0.013783191001493833,0.6155819545001577,0.0063497449991700705,0.0164272184993024,0.0024821639999572653,0.00047199400069075637,594658
semeion,3001,same_field_narrow_lossless,polynomial_gmp_bit,1465,256,1153,36,4,5,2802,147456,3768320,1698182,6029312,73834,551460,36800,25,8020,8.401317527001083,0.6162780040031066,0.08113071050138387,0.03501323899945419,0.0038444860019808402,0.002708748501390801,0.013783191001493833,0.6155819545001577,0.0063497449991700705,0.0164272184993024,0.0024821639999572653,0.00047199400069075637,594658
semeion,3001,same_field_narrow_lossless,polynomial_native_byte,1465,256,1153,36,4,5,2802,163840,3768320,1698182,6029312,73834,551460,36800,25,8020,8.305288138002652,0.3871129950020986,0.05887667900606175,0.009082279000722338,0.003556939998816233,0.0064618819997122046,0.013783191001493833,0.6155819545001577,0.0063497449991700705,0.0164272184993024,0.0024821639999572653,0.00047199400069075637,594658
semeion,3001,same_field_narrow_lossless,polynomial_native_bit,1465,256,1153,36,4,5,2802,147456,3768320,1698182,6029312,73834,551460,36800,25,8020,8.305288138002652,0.3871129950020986,0.05523050300507748,0.009082279000722338,0.0038444860019808402,0.002708748501390801,0.013783191001493833,0.6155819545001577,0.0063497449991700705,0.0164272184993024,0.0024821639999572653,0.00047199400069075637,594658
semeion,3001,selected_field_q32,vector_gmp_byte,1465,256,257,32,5,5,2802,131072,3014656,1509766,6029312,65642,551460,29440,160,8020,8.150904256996,0.6820990779997373,0.0940874964962859,0.045060766497044824,0.0036420814976736438,0.006400860998837743,0.013185979498302913,0.6177983634988777,0.0061562559985759435,0.01660660650122736,0.0023876469986134907,0.0004842095022468129,587388
semeion,3001,selected_field_q32,vector_gmp_bit,1465,256,257,32,5,5,2802,131072,3014656,1509766,6029312,65642,551460,29440,160,8020,8.150904256996,0.6820990779997373,0.09069877449655905,0.045060766497044824,0.003820425001322292,0.0028676259989879327,0.013185979498302913,0.6177983634988777,0.0061562559985759435,0.01660660650122736,0.0023876469986134907,0.0004842095022468129,587388
semeion,3001,selected_field_q32,vector_native_byte,1465,256,257,32,5,5,2802,131072,3014656,1509766,6029312,65642,551460,29440,160,8020,8.148213683994982,0.3853625709998596,0.060294261000308325,0.011336877500070841,0.0036420814976736438,0.006400860998837743,0.013185979498302913,0.6177983634988777,0.0061562559985759435,0.01660660650122736,0.0023876469986134907,0.0004842095022468129,587388
semeion,3001,selected_field_q32,vector_native_bit,1465,256,257,32,5,5,2802,131072,3014656,1509766,6029312,65642,551460,29440,160,8020,8.148213683994982,0.3853625709998596,0.0569051034963195,0.011336877500070841,0.003820425001322292,0.0028676259989879327,0.013185979498302913,0.6177983634988777,0.0061562559985759435,0.01660660650122736,0.0023876469986134907,0.0004842095022468129,587388
semeion,3001,selected_field_q32,polynomial_gmp_byte,1465,256,257,32,5,5,2802,131072,3014656,1509766,6029312,65642,551460,29440,20,8020,8.17177631699451,0.5844918180009699,0.08289873549983895,0.033970258498811745,0.0036420814976736438,0.006400860998837743,0.013185979498302913,0.6177983634988777,0.0061562559985759435,0.01660660650122736,0.0023876469986134907,0.0004842095022468129,587248
semeion,3001,selected_field_q32,polynomial_gmp_bit,1465,256,257,32,5,5,2802,131072,3014656,1509766,6029312,65642,551460,29440,20,8020,8.17177631699451,0.5844918180009699,0.0795136385004298,0.033970258498811745,0.003820425001322292,0.0028676259989879327,0.013185979498302913,0.6177983634988777,0.0061562559985759435,0.01660660650122736,0.0023876469986134907,0.0004842095022468129,587248
semeion,3001,selected_field_q32,polynomial_native_byte,1465,256,257,32,5,5,2802,131072,3014656,1509766,6029312,65642,551460,29440,20,8020,8.088073890998203,0.35788603000037256,0.05748705000223708,0.008533987998816883,0.0036420814976736438,0.006400860998837743,0.013185979498302913,0.6177983634988777,0.0061562559985759435,0.01660660650122736,0.0023876469986134907,0.0004842095022468129,587248
semeion,3001,selected_field_q32,polynomial_native_bit,1465,256,257,32,5,5,2802,131072,3014656,1509766,6029312,65642,551460,29440,20,8020,8.088073890998203,0.35788603000037256,0.054116279003210366,0.008533987998816883,0.003820425001322292,0.0028676259989879327,0.013185979498302913,0.6177983634988777,0.0061562559985759435,0.01660660650122736,0.0023876469986134907,0.0004842095022468129,587248
semeion,3002,selected_field_q32,vector_gmp_byte,1465,256,257,32,5,5,2802,131072,3014656,1509766,6029312,65642,549678,29440,160,8020,8.304195475000597,0.6995117059996119,0.09450939900307276,0.04510404700158688,0.0036759055001311935,0.006582815000001574,0.013339179000467993,0.6261410594997869,0.006002891997923143,0.016647731499688234,0.002422653500616434,0.00046428000132436864,585606
semeion,3002,selected_field_q32,vector_gmp_bit,1465,256,257,32,5,5,2802,131072,3014656,1509766,6029312,65642,549678,29440,160,8020,8.304195475000597,0.6995117059996119,0.09081580550082435,0.04510404700158688,0.0037653880008292617,0.002748460501607042,0.013339179000467993,0.6261410594997869,0.006002891997923143,0.016647731499688234,0.002422653500616434,0.00046428000132436864,585606
semeion,3002,selected_field_q32,vector_native_byte,1465,256,257,32,5,5,2802,131072,3014656,1509766,6029312,65642,549678,29440,160,8020,8.317106071997841,0.39347841599737876,0.060726260495357565,0.011397440499422373,0.0036759055001311935,0.006582815000001574,0.013339179000467993,0.6261410594997869,0.006002891997923143,0.016647731499688234,0.002422653500616434,0.00046428000132436864,585606
semeion,3002,selected_field_q32,vector_native_bit,1465,256,257,32,5,5,2802,131072,3014656,1509766,6029312,65642,549678,29440,160,8020,8.317106071997841,0.39347841599737876,0.05696202800208994,0.011397440499422373,0.0037653880008292617,0.002748460501607042,0.013339179000467993,0.6261410594997869,0.006002891997923143,0.016647731499688234,0.002422653500616434,0.00046428000132436864,585606
semeion,3002,selected_field_q32,polynomial_gmp_byte,1465,256,257,32,5,5,2802,131072,3014656,1509766,6029312,65642,549678,29440,20,8020,8.367544235999958,0.6012685909990978,0.08346829500442254,0.03454326399878482,0.0036759055001311935,0.006582815000001574,0.013339179000467993,0.6261410594997869,0.006002891997923143,0.016647731499688234,0.002422653500616434,0.00046428000132436864,585466
semeion,3002,selected_field_q32,polynomial_gmp_bit,1465,256,257,32,5,5,2802,131072,3014656,1509766,6029312,65642,549678,29440,20,8020,8.367544235999958,0.6012685909990978,0.0799340870053129,0.03454326399878482,0.0037653880008292617,0.002748460501607042,0.013339179000467993,0.6261410594997869,0.006002891997923143,0.016647731499688234,0.002422653500616434,0.00046428000132436864,585466
semeion,3002,selected_field_q32,polynomial_native_byte,1465,256,257,32,5,5,2802,131072,3014656,1509766,6029312,65642,549678,29440,20,8020,8.299534731002495,0.367160056001012,0.058292991496273316,0.008693335999851115,0.0036759055001311935,0.006582815000001574,0.013339179000467993,0.6261410594997869,0.006002891997923143,0.016647731499688234,0.002422653500616434,0.00046428000132436864,585466
semeion,3002,selected_field_q32,polynomial_native_bit,1465,256,257,32,5,5,2802,131072,3014656,1509766,6029312,65642,549678,29440,20,8020,8.299534731002495,0.367160056001012,0.05451658799756842,0.008693335999851115,0.0037653880008292617,0.002748460501607042,0.013339179000467993,0.6261410594997869,0.006002891997923143,0.016647731499688234,0.002422653500616434,0.00046428000132436864,585466
semeion,3002,same_field_narrow_lossless,vector_gmp_byte,1465,256,1153,36,4,5,2802,163840,3768320,1698182,6029312,73834,549678,29440,128,8020,7.873026620993187,0.6616592630016385,0.08907056650605227,0.038842481502797455,0.003532162501869607,0.006394215000909753,0.013673004499651142,0.619451348500661,0.00701101800041215,0.01676346750173252,0.002448679000735865,0.0004970709996996447,585574
semeion,3002,same_field_narrow_lossless,vector_gmp_bit,1465,256,1153,36,4,5,2802,147456,3768320,1698182,6029312,73834,549678,29440,128,8020,7.873026620993187,0.6616592630016385,0.08563900750414177,0.038842481502797455,0.003827668999292655,0.002710724498683703,0.013673004499651142,0.619451348500661,0.00701101800041215,0.01676346750173252,0.002448679000735865,0.0004970709996996447,585574
semeion,3002,same_field_narrow_lossless,vector_native_byte,1465,256,1153,36,4,5,2802,163840,3768320,1698182,6029312,73834,549678,29440,128,8020,7.88062325599094,0.4180552899997565,0.062387852505708,0.011732212498827721,0.003532162501869607,0.006394215000909753,0.013673004499651142,0.619451348500661,0.00701101800041215,0.01676346750173252,0.002448679000735865,0.0004970709996996447,585574
semeion,3002,same_field_narrow_lossless,vector_native_bit,1465,256,1153,36,4,5,2802,147456,3768320,1698182,6029312,73834,549678,29440,128,8020,7.88062325599094,0.4180552899997565,0.058914595501846634,0.011732212498827721,0.003827668999292655,0.002710724498683703,0.013673004499651142,0.619451348500661,0.00701101800041215,0.01676346750173252,0.002448679000735865,0.0004970709996996447,585574
semeion,3002,same_field_narrow_lossless,polynomial_gmp_byte,1465,256,1153,36,4,5,2802,163840,3768320,1698182,6029312,73834,549678,36800,25,8020,8.5663796529916,0.6251596430010977,0.08556560549914138,0.035158520497134305,0.003532162501869607,0.006394215000909753,0.013673004499651142,0.619451348500661,0.00701101800041215,0.01676346750173252,0.002448679000735865,0.0004970709996996447,592876
semeion,3002,same_field_narrow_lossless,polynomial_gmp_bit,1465,256,1153,36,4,5,2802,147456,3768320,1698182,6029312,73834,549678,36800,25,8020,8.5663796529916,0.6251596430010977,0.08206882449849218,0.035158520497134305,0.003827668999292655,0.002710724498683703,0.013673004499651142,0.619451348500661,0.00701101800041215,0.01676346750173252,0.002448679000735865,0.0004970709996996447,592876
semeion,3002,same_field_narrow_lossless,polynomial_native_byte,1465,256,1153,36,4,5,2802,163840,3768320,1698182,6029312,73834,549678,36800,25,8020,8.443806707990007,0.3936595439990924,0.05946351249986037,0.009276728000259027,0.003532162501869607,0.006394215000909753,0.013673004499651142,0.619451348500661,0.00701101800041215,0.01676346750173252,0.002448679000735865,0.0004970709996996447,592876
semeion,3002,same_field_narrow_lossless,polynomial_native_bit,1465,256,1153,36,4,5,2802,147456,3768320,1698182,6029312,73834,549678,36800,25,8020,8.443806707990007,0.3936595439990924,0.05604164800570288,0.009276728000259027,0.003827668999292655,0.002710724498683703,0.013673004499651142,0.619451348500661,0.00701101800041215,0.01676346750173252,0.002448679000735865,0.0004970709996996447,592876
semeion,3002,baseline_t1153_q40,vector_gmp_byte,1465,256,1153,40,4,4,2802,163840,3768320,1886598,6029312,82026,549678,29440,128,8020,7.9653922159996,0.6613755630023661,0.09221040250304213,0.0405089694995695,0.0037660320012946613,0.006413704999431502,0.0143787090000842,0.6698881945012545,0.006378999500157079,0.017799903000195627,0.0024912094995670486,0.00046722600018256344,585574
semeion,3002,baseline_t1153_q40,vector_gmp_bit,1465,256,1153,40,4,4,2802,163840,3768320,1886598,6029312,82026,549678,29440,128,8020,7.9653922159996,0.6613755630023661,0.08955852899998717,0.0405089694995695,0.004178801498710527,0.0028067059993190924,0.0143787090000842,0.6698881945012545,0.006378999500157079,0.017799903000195627,0.0024912094995670486,0.00046722600018256344,585574
semeion,3002,baseline_t1153_q40,vector_native_byte,1465,256,1153,40,4,4,2802,163840,3768320,1886598,6029312,82026,549678,29440,128,8020,7.961110726995685,0.40469626400226844,0.06360413799848175,0.012200965998999891,0.0037660320012946613,0.006413704999431502,0.0143787090000842,0.6698881945012545,0.006378999500157079,0.017799903000195627,0.0024912094995670486,0.00046722600018256344,585574
semeion,3002,baseline_t1153_q40,vector_native_bit,1465,256,1153,40,4,4,2802,163840,3768320,1886598,6029312,82026,549678,29440,128,8020,7.961110726995685,0.40469626400226844,0.06076209049570025,0.012200965998999891,0.004178801498710527,0.0028067059993190924,0.0143787090000842,0.6698881945012545,0.006378999500157079,0.017799903000195627,0.0024912094995670486,0.00046722600018256344,585574
semeion,3002,baseline_t1153_q40,polynomial_gmp_byte,1465,256,1153,40,4,4,2802,163840,3768320,1886598,6029312,82026,549678,29440,20,8020,8.007776162998198,0.5762765720028256,0.08216766850091517,0.030466144999081735,0.0037660320012946613,0.006413704999431502,0.0143787090000842,0.6698881945012545,0.006378999500157079,0.017799903000195627,0.0024912094995670486,0.00046722600018256344,585466
semeion,3002,baseline_t1153_q40,polynomial_gmp_bit,1465,256,1153,40,4,4,2802,163840,3768320,1886598,6029312,82026,549678,29440,20,8020,8.007776162998198,0.5762765720028256,0.07915040800071438,0.030466144999081735,0.004178801498710527,0.0028067059993190924,0.0143787090000842,0.6698881945012545,0.006378999500157079,0.017799903000195627,0.0024912094995670486,0.00046722600018256344,585466
semeion,3002,baseline_t1153_q40,polynomial_native_byte,1465,256,1153,40,4,4,2802,163840,3768320,1886598,6029312,82026,549678,29440,20,8020,7.939012635997642,0.38301965999926324,0.06140653000329621,0.00942075100101647,0.0037660320012946613,0.006413704999431502,0.0143787090000842,0.6698881945012545,0.006378999500157079,0.017799903000195627,0.0024912094995670486,0.00046722600018256344,585466
semeion,3002,baseline_t1153_q40,polynomial_native_bit,1465,256,1153,40,4,4,2802,163840,3768320,1886598,6029312,82026,549678,29440,20,8020,7.939012635997642,0.38301965999926324,0.05822830050055927,0.00942075100101647,0.004178801498710527,0.0028067059993190924,0.0143787090000842,0.6698881945012545,0.006378999500157079,0.017799903000195627,0.0024912094995670486,0.00046722600018256344,585466
