dataset,seed,count,n,t,q,q_bits,slots,F,h,W,replies,allocated_reply_coefficients,occupied_score_count,reply_capacity_slack_fraction,query_body_bytes_model,response_body_bytes_model,encrypted_index_body_bytes_model,offline_seeded_answer_body_bytes_model,native_ntt_index_word_bytes_model,checker_full_response_coefficients_model,honest_phase_bound_model,requires_new_parameter_assurance,scope
mushroom,3001,7996,1024,193,4294957057,32,32,32,523,1024,14,14336,7996,0.4422433035714286,523,114688,3670016,57792,7340032,28672,407867445,True,"Certified plaintext layout/body/phase MODEL. Fixed private maps; no HE timing, new key profile or security claim."
mushroom,3001,7996,2048,193,4294955009,32,32,32,523,1024,7,14336,7996,0.4422433035714286,523,114688,3670016,57568,7340032,28672,407867445,True,"Certified plaintext layout/body/phase MODEL. Fixed private maps; no HE timing, new key profile or security claim."
mushroom,3001,7996,4096,193,4294828033,32,32,32,523,1024,4,16384,7996,0.511962890625,523,131072,4194304,65664,8388608,32768,407867445,True,"Certified plaintext layout/body/phase MODEL. Fixed private maps; no HE timing, new key profile or security claim."
mushroom,3001,7996,8192,193,4294475777,32,32,32,523,1024,2,16384,7996,0.511962890625,523,131072,4194304,65600,8388608,32768,407867445,True,"Certified plaintext layout/body/phase MODEL. Fixed private maps; no HE timing, new key profile or security claim."
mushroom,3001,7996,16384,193,4294475777,32,32,32,523,1024,1,16384,7996,0.511962890625,523,131072,4194304,65568,8388608,32768,407867445,False,"Certified plaintext layout/body/phase MODEL. Fixed private maps; no HE timing, new key profile or security claim."
mushroom,3001,7996,32768,193,4293918721,32,32,32,523,1024,1,32768,7996,0.7559814453125,523,262144,8388608,131104,16777216,65536,407867445,True,"Certified plaintext layout/body/phase MODEL. Fixed private maps; no HE timing, new key profile or security claim."
mushroom,3002,7996,1024,193,4294957057,32,32,32,596,1024,13,13312,7996,0.3993389423076923,596,106496,3407872,53664,6815744,26624,407867445,True,"Certified plaintext layout/body/phase MODEL. Fixed private maps; no HE timing, new key profile or security claim."
mushroom,3002,7996,2048,193,4294955009,32,32,32,596,1024,7,14336,7996,0.4422433035714286,596,114688,3670016,57568,7340032,28672,407867445,True,"Certified plaintext layout/body/phase MODEL. Fixed private maps; no HE timing, new key profile or security claim."
mushroom,3002,7996,4096,193,4294828033,32,32,32,596,1024,4,16384,7996,0.511962890625,596,131072,4194304,65664,8388608,32768,407867445,True,"Certified plaintext layout/body/phase MODEL. Fixed private maps; no HE timing, new key profile or security claim."
mushroom,3002,7996,8192,193,4294475777,32,32,32,596,1024,2,16384,7996,0.511962890625,596,131072,4194304,65600,8388608,32768,407867445,True,"Certified plaintext layout/body/phase MODEL. Fixed private maps; no HE timing, new key profile or security claim."
mushroom,3002,7996,16384,193,4294475777,32,32,32,596,1024,1,16384,7996,0.511962890625,596,131072,4194304,65568,8388608,32768,407867445,False,"Certified plaintext layout/body/phase MODEL. Fixed private maps; no HE timing, new key profile or security claim."
mushroom,3002,7996,32768,193,4293918721,32,32,32,596,1024,1,32768,7996,0.7559814453125,596,262144,8388608,131104,16777216,65536,407867445,True,"Certified plaintext layout/body/phase MODEL. Fixed private maps; no HE timing, new key profile or security claim."
semeion,3001,1465,2048,257,4294955009,32,64,23,1401,1472,1,2048,1465,0.28466796875,2802,16384,376832,8224,753664,4096,1041003925,True,"Certified plaintext layout/body/phase MODEL. Fixed private maps; no HE timing, new key profile or security claim."
semeion,3001,1465,4096,257,4294828033,32,64,23,1401,1472,1,4096,1465,0.642333984375,2802,32768,753664,16416,1507328,8192,1041003925,True,"Certified plaintext layout/body/phase MODEL. Fixed private maps; no HE timing, new key profile or security claim."
semeion,3001,1465,8192,257,4294475777,32,64,23,1401,1472,1,8192,1465,0.8211669921875,2802,65536,1507328,32800,3014656,16384,1041003925,True,"Certified plaintext layout/body/phase MODEL. Fixed private maps; no HE timing, new key profile or security claim."
semeion,3001,1465,16384,257,4294475777,32,64,23,1401,1472,1,16384,1465,0.91058349609375,2802,131072,3014656,65568,6029312,32768,1041003925,False,"Certified plaintext layout/body/phase MODEL. Fixed private maps; no HE timing, new key profile or security claim."
semeion,3001,1465,32768,257,4293918721,32,64,23,1401,1472,1,32768,1465,0.955291748046875,2802,262144,6029312,131104,12058624,65536,1041003925,True,"Certified plaintext layout/body/phase MODEL. Fixed private maps; no HE timing, new key profile or security claim."
semeion,3002,1465,2048,257,4294955009,32,64,23,1401,1472,1,2048,1465,0.28466796875,2802,16384,376832,8224,753664,4096,1041003925,True,"Certified plaintext layout/body/phase MODEL. Fixed private maps; no HE timing, new key profile or security claim."
semeion,3002,1465,4096,257,4294828033,32,64,23,1401,1472,1,4096,1465,0.642333984375,2802,32768,753664,16416,1507328,8192,1041003925,True,"Certified plaintext layout/body/phase MODEL. Fixed private maps; no HE timing, new key profile or security claim."
semeion,3002,1465,8192,257,4294475777,32,64,23,1401,1472,1,8192,1465,0.8211669921875,2802,65536,1507328,32800,3014656,16384,1041003925,True,"Certified plaintext layout/body/phase MODEL. Fixed private maps; no HE timing, new key profile or security claim."
semeion,3002,1465,16384,257,4294475777,32,64,23,1401,1472,1,16384,1465,0.91058349609375,2802,131072,3014656,65568,6029312,32768,1041003925,False,"Certified plaintext layout/body/phase MODEL. Fixed private maps; no HE timing, new key profile or security claim."
semeion,3002,1465,32768,257,4293918721,32,64,23,1401,1472,1,32768,1465,0.955291748046875,2802,262144,6029312,131104,12058624,65536,1041003925,True,"Certified plaintext layout/body/phase MODEL. Fixed private maps; no HE timing, new key profile or security claim."
