dataset,seed,profile,native_complete_check_speedup,polynomial_speedup_over_native_control,local_native_control_speedup,local_polynomial_speedup,byte_to_bit_body_reduction
mushroom,3001,baseline_t1153_q40,3.933376744323789,1.2515044701307023,1.557200598589825,1.6116635387636646,0.0
mushroom,3001,same_field_narrow_lossless,3.9738742577407966,1.2393133027301522,1.5595883815969032,1.6105711502924647,0.125
mushroom,3001,selected_field_q32,4.607925499059937,1.335140605886043,1.683321959548561,1.7606386685951114,0.0
mushroom,3002,selected_field_q32,4.530680147612675,1.316353143189182,1.680281038111916,1.7528916688932867,0.0
mushroom,3002,same_field_narrow_lossless,3.914482514455304,1.2360820127695098,1.5560060463866874,1.6104311178972681,0.125
mushroom,3002,baseline_t1153_q40,3.89307097859507,1.2646176808684226,1.5461888627165008,1.6002816478971014,0.0
semeion,3001,baseline_t1153_q40,3.3439527338578046,1.2712732719720519,1.5210180365091595,1.5880296856078526,0.0
semeion,3001,same_field_narrow_lossless,3.3744236130878975,1.2453297788207836,1.5287900090207935,1.5865136515893605,0.09999999999999998
semeion,3001,selected_field_q32,3.9747070122935746,1.3284384160890006,1.6534105153217282,1.7386172558298825,0.0
semeion,3002,selected_field_q32,3.9573838533197665,1.311054870031202,1.6591649264946327,1.7335897655093184,0.0
semeion,3002,same_field_narrow_lossless,3.310755026528763,1.2646929497663542,1.5118590859757397,1.5893637977417852,0.09999999999999998
semeion,3002,baseline_t1153_q40,3.3201444461766396,1.2951160685261127,1.517564681379211,1.5836011305560338,0.0
